timestamp_utc,participant_id,group,scenario_id,trial_index,condition,signal_shown,confidence_shown,decision,confidence_rating,response_time_seconds,group_sess,session_status,is_complete,aligned,confidence_rating_norm,calibration_error,log_rt
2026-08-09 17:58:31.964510,2,group_2,2022-09-27 11:00:00-04:00,0,explained,up,0.9032,buy,4,71.191,group_2,completed,True,1,1.0,0.0968,4.265366405933826
2026-08-09 17:58:45.047146,2,group_2,2022-11-14 12:55:00-05:00,1,explained,down,0.4507,sell,3,12.117,group_2,completed,True,1,0.6666666666666666,0.21596666666666664,2.4946094252493856
2026-08-09 17:58:53.160679,2,group_2,2023-04-20 09:50:00-04:00,2,explained,flat,0.4116,hold,3,7.327,group_2,completed,True,1,0.6666666666666666,0.2550666666666666,1.9915661551778268
2026-08-09 17:59:56.908508,2,group_2,2023-12-01 14:55:00-05:00,3,explained,down,0.6042,sell,2,62.459,group_2,completed,True,1,0.3333333333333333,0.27086666666666664,4.134510341480209
2026-08-09 18:00:09.894806,2,group_2,2024-04-26 11:30:00-04:00,4,explained,flat,0.4042,buy,3,12.091,group_2,completed,True,0,0.6666666666666666,0.2624666666666666,2.49246137419211
2026-08-09 18:00:30.581490,2,group_2,2024-09-26 09:40:00-04:00,5,explained,down,0.7008,sell,3,19.877,group_2,completed,True,1,0.6666666666666666,0.03413333333333335,2.989563284408462
2026-08-09 18:00:40.594507,2,group_2,2025-05-21 14:40:00-04:00,6,explained,up,0.3529,buy,2,9.103,group_2,completed,True,1,0.3333333333333333,0.019566666666666677,2.2086040295231517
2026-08-09 18:00:49.835441,2,group_2,2025-12-12 11:50:00-05:00,7,explained,down,0.4241,sell,4,8.495,group_2,completed,True,1,1.0,0.5759000000000001,2.1394777551238953
2026-08-09 18:01:03.401943,2,group_2,2025-12-22 11:45:00-05:00,8,explained,flat,0.8806,hold,4,12.782,group_2,completed,True,1,1.0,0.11939999999999995,2.54803793122809
2026-08-09 18:01:10.514550,2,group_2,2026-06-24 14:40:00-04:00,9,explained,down,0.6079,sell,3,6.335,group_2,completed,True,1,0.6666666666666666,0.058766666666666634,1.8460898137731023
2026-08-09 18:01:17.008061,2,group_2,2022-09-06 11:45:00-04:00,10,unexplained,up,0.818,buy,3,5.701,group_2,completed,True,1,0.6666666666666666,0.15133333333333332,1.7406415980494447
2026-08-09 18:01:24.306375,2,group_2,2022-11-07 13:25:00-05:00,11,unexplained,up,0.4333,buy,2,6.502,group_2,completed,True,1,0.3333333333333333,0.0999666666666667,1.8721098218817136
2026-08-09 18:01:38.973052,2,group_2,2023-03-20 09:30:00-04:00,12,unexplained,up,0.5718,buy,3,13.918,group_2,completed,True,1,0.6666666666666666,0.09486666666666665,2.6331829664226585
2026-08-09 18:02:04.213739,2,group_2,2023-10-20 14:40:00-04:00,13,unexplained,flat,0.3523,sell,2,20.149,group_2,completed,True,0,0.3333333333333333,0.018966666666666687,3.003154659369629
2026-08-09 18:02:18.023687,2,group_2,2023-12-26 13:45:00-05:00,14,unexplained,flat,0.8882,buy,4,11.849,group_2,completed,True,0,1.0,0.11180000000000001,2.472243475834603
2026-08-09 18:02:29.379977,2,group_2,2024-07-08 11:20:00-04:00,15,unexplained,flat,0.8107,hold,3,10.327,group_2,completed,True,1,0.6666666666666666,0.14403333333333335,2.334761824689267
2026-08-09 18:02:40.502190,2,group_2,2025-03-28 12:45:00-04:00,16,unexplained,down,0.4593,sell,4,10.105,group_2,completed,True,1,1.0,0.5407,2.3130303508555845
2026-08-09 18:03:01.060721,2,group_2,2025-07-18 10:35:00-04:00,17,unexplained,flat,0.7856,sell,4,19.546,group_2,completed,True,0,1.0,0.21440000000000003,2.972770661916644
2026-08-09 18:03:14.505598,2,group_2,2025-12-18 13:05:00-05:00,18,unexplained,up,0.3841,hold,4,12.392,group_2,completed,True,0,1.0,0.6159,2.5170511031145675
2026-08-09 18:03:24.398084,2,group_2,2026-02-17 13:05:00-05:00,19,unexplained,up,0.3797,buy,2,8.883,group_2,completed,True,1,0.3333333333333333,0.04636666666666667,2.1841393377875638
2026-08-09 20:14:59.859882,18,group_2,2022-09-27 11:00:00-04:00,0,explained,up,0.9032,buy,4,78.99,group_2,completed,True,1,1.0,0.0968,4.369321262176328
2026-08-09 20:17:13.785648,18,group_2,2022-11-14 12:55:00-05:00,1,explained,down,0.4507,sell,3,133.464,group_2,completed,True,1,0.6666666666666666,0.21596666666666664,4.8938317785533725
2026-08-09 20:17:26.941689,18,group_2,2023-04-20 09:50:00-04:00,2,explained,flat,0.4116,hold,3,12.749,group_2,completed,True,1,0.6666666666666666,0.2550666666666666,2.545452837155985
2026-08-09 20:17:39.226135,18,group_2,2023-12-01 14:55:00-05:00,3,explained,down,0.6042,sell,3,11.872,group_2,completed,True,1,0.6666666666666666,0.06246666666666667,2.4741826864250247
2026-08-09 20:17:47.891838,18,group_2,2024-04-26 11:30:00-04:00,4,explained,flat,0.4042,hold,3,8.245,group_2,completed,True,1,0.6666666666666666,0.2624666666666666,2.1096069560115622
2026-08-09 20:18:08.776042,18,group_2,2024-09-26 09:40:00-04:00,5,explained,down,0.7008,sell,3,20.474,group_2,completed,True,1,0.6666666666666666,0.03413333333333335,3.0191557884975793
2026-08-09 20:18:18.285395,18,group_2,2025-05-21 14:40:00-04:00,6,explained,up,0.3529,sell,3,9.124,group_2,completed,True,0,0.6666666666666666,0.31376666666666664,2.2109083044221416
2026-08-09 20:18:30.726875,18,group_2,2025-12-12 11:50:00-05:00,7,explained,down,0.4241,sell,3,12.006,group_2,completed,True,1,0.6666666666666666,0.24256666666666665,2.4854065248296515
2026-08-09 20:18:38.486629,18,group_2,2025-12-22 11:45:00-05:00,8,explained,flat,0.8806,hold,3,7.321,group_2,completed,True,1,0.6666666666666666,0.21393333333333342,1.9907469306645056
2026-08-09 20:18:47.274593,18,group_2,2026-06-24 14:40:00-04:00,9,explained,down,0.6079,sell,3,8.355,group_2,completed,True,1,0.6666666666666666,0.058766666666666634,2.122860162047357
2026-08-09 20:18:52.500990,18,group_2,2022-09-06 11:45:00-04:00,10,unexplained,up,0.818,buy,3,4.815,group_2,completed,True,1,0.6666666666666666,0.15133333333333332,1.571736045250089
2026-08-09 20:19:00.881432,18,group_2,2022-11-07 13:25:00-05:00,11,unexplained,up,0.4333,sell,3,7.831,group_2,completed,True,0,0.6666666666666666,0.2333666666666666,2.0580902157688006
2026-08-09 20:19:07.567626,18,group_2,2023-03-20 09:30:00-04:00,12,unexplained,up,0.5718,buy,3,6.312,group_2,completed,True,1,0.6666666666666666,0.09486666666666665,1.8424525835435732
2026-08-09 20:19:17.779717,18,group_2,2023-10-20 14:40:00-04:00,13,unexplained,flat,0.3523,hold,3,9.814,group_2,completed,True,1,0.6666666666666666,0.3143666666666666,2.2838099376677117
2026-08-09 20:19:28.654379,18,group_2,2023-12-26 13:45:00-05:00,14,unexplained,flat,0.8882,hold,2,10.393,group_2,completed,True,1,0.3333333333333333,0.5548666666666666,2.3411325026062846
2026-08-09 20:19:39.339198,18,group_2,2024-07-08 11:20:00-04:00,15,unexplained,flat,0.8107,hold,3,10.284,group_2,completed,True,1,0.6666666666666666,0.14403333333333335,2.330589289403643
2026-08-09 20:19:54.894057,18,group_2,2025-03-28 12:45:00-04:00,16,unexplained,down,0.4593,hold,3,15.137,group_2,completed,True,0,0.6666666666666666,0.20736666666666664,2.7171420777804283
2026-08-09 20:19:59.417337,18,group_2,2025-07-18 10:35:00-04:00,17,unexplained,flat,0.7856,hold,3,4.125,group_2,completed,True,1,0.6666666666666666,0.11893333333333334,1.4170660197866443
2026-08-09 20:20:04.339406,18,group_2,2025-12-18 13:05:00-05:00,18,unexplained,up,0.3841,sell,3,4.503,group_2,completed,True,0,0.6666666666666666,0.28256666666666663,1.5047438413194347
2026-08-09 20:20:11.613079,18,group_2,2026-02-17 13:05:00-05:00,19,unexplained,up,0.3797,sell,3,6.852,group_2,completed,True,0,0.6666666666666666,0.28696666666666665,1.9245405804618736
2026-08-10 07:12:57.575084,35,group_2,2022-09-27 11:00:00-04:00,0,explained,up,0.9032,hold,4,95.537,group_2,completed,True,0,1.0,0.0968,4.559513607008271
2026-08-10 07:14:39.822745,35,group_2,2022-11-14 12:55:00-05:00,1,explained,down,0.4507,sell,3,101.865,group_2,completed,True,1,0.6666666666666666,0.21596666666666664,4.623648407233865
2026-08-10 07:14:45.730102,35,group_2,2023-04-20 09:50:00-04:00,2,explained,flat,0.4116,hold,3,5.43,group_2,completed,True,1,0.6666666666666666,0.2550666666666666,1.691939133945844
2026-08-10 07:14:49.818870,35,group_2,2023-12-01 14:55:00-05:00,3,explained,down,0.6042,buy,2,3.639,group_2,completed,True,0,0.3333333333333333,0.27086666666666664,1.2917089186300228
2026-08-10 07:14:55.041841,35,group_2,2024-04-26 11:30:00-04:00,4,explained,flat,0.4042,hold,1,4.822,group_2,completed,True,1,0.0,0.4042,1.5731887797589794
2026-08-10 07:15:08.022149,35,group_2,2024-09-26 09:40:00-04:00,5,explained,down,0.7008,sell,5,4.083,group_2,completed,True,1,1.3333333333333333,0.6325333333333333,1.4068320123374387
2026-08-10 07:15:12.077235,35,group_2,2025-05-21 14:40:00-04:00,6,explained,up,0.3529,buy,4,3.495,group_2,completed,True,1,1.0,0.6471,1.2513333756857736
2026-08-10 07:15:14.146183,35,group_2,2025-12-12 11:50:00-05:00,7,explained,down,0.4241,buy,3,1.752,group_2,completed,True,0,0.6666666666666666,0.24256666666666665,0.5607579925141997
2026-08-10 07:15:18.896220,35,group_2,2025-12-22 11:45:00-05:00,8,explained,flat,0.8806,sell,2,4.12,group_2,completed,True,0,0.3333333333333333,0.5472666666666668,1.415853163361435
2026-08-10 07:15:22.229589,35,group_2,2026-06-24 14:40:00-04:00,9,explained,down,0.6079,hold,4,2.326,group_2,completed,True,0,1.0,0.3921,0.8441500540964727
2026-08-10 07:15:26.015977,35,group_2,2022-09-06 11:45:00-04:00,10,unexplained,up,0.818,hold,4,3.167,group_2,completed,True,0,1.0,0.18200000000000005,1.1527847675565026
2026-08-10 07:15:31.609658,35,group_2,2022-11-07 13:25:00-05:00,11,unexplained,up,0.4333,sell,2,5.199,group_2,completed,True,0,0.3333333333333333,0.0999666666666667,1.6484662994015786
2026-08-10 07:15:34.642952,35,group_2,2023-03-20 09:30:00-04:00,12,unexplained,up,0.5718,hold,3,2.618,group_2,completed,True,0,0.6666666666666666,0.09486666666666665,0.9624106674877081
2026-08-10 07:15:37.976833,35,group_2,2023-10-20 14:40:00-04:00,13,unexplained,flat,0.3523,sell,2,2.985,group_2,completed,True,0,0.3333333333333333,0.018966666666666687,1.0935997468445653
2026-08-10 07:15:42.329399,35,group_2,2023-12-26 13:45:00-05:00,14,unexplained,flat,0.8882,buy,4,3.999,group_2,completed,True,0,1.0,0.11180000000000001,1.3860443298646814
2026-08-10 07:15:47.936536,35,group_2,2024-07-08 11:20:00-04:00,15,unexplained,flat,0.8107,buy,4,5.054,group_2,completed,True,0,1.0,0.18930000000000002,1.6201800089660026
2026-08-10 07:15:51.618067,35,group_2,2025-03-28 12:45:00-04:00,16,unexplained,down,0.4593,hold,3,2.607,group_2,completed,True,0,0.6666666666666666,0.20736666666666664,0.9582001349513648
2026-08-10 07:15:57.051135,35,group_2,2025-07-18 10:35:00-04:00,17,unexplained,flat,0.7856,buy,4,4.076,group_2,completed,True,0,1.0,0.21440000000000003,1.4051161153604783
2026-08-10 07:16:01.117384,35,group_2,2025-12-18 13:05:00-05:00,18,unexplained,up,0.3841,sell,1,2.873,group_2,completed,True,0,0.0,0.3841,1.0553567799971526
2026-08-10 07:16:07.905339,35,group_2,2026-02-17 13:05:00-05:00,19,unexplained,up,0.3797,sell,1,5.686,group_2,completed,True,0,0.0,0.3797,1.7380070132288081
2026-08-10 07:17:27.612039,24,group_2,2022-09-27 11:00:00-04:00,0,explained,up,0.9032,buy,2,51.407,group_2,completed,True,1,0.3333333333333333,0.5698666666666667,3.939774349958971
2026-08-10 07:17:34.457424,24,group_2,2022-11-14 12:55:00-05:00,1,explained,down,0.4507,buy,2,6.426,group_2,completed,True,0,0.3333333333333333,0.11736666666666667,1.8603522606936667
2026-08-10 07:17:39.081828,24,group_2,2023-04-20 09:50:00-04:00,2,explained,flat,0.4116,buy,2,4.096,group_2,completed,True,0,0.3333333333333333,0.0782666666666667,1.4100108877372066
2026-08-10 07:17:44.006271,24,group_2,2023-12-01 14:55:00-05:00,3,explained,down,0.6042,sell,2,3.978,group_2,completed,True,1,0.3333333333333333,0.27086666666666664,1.3807791804317806
2026-08-10 07:18:17.050172,24,group_2,2024-04-26 11:30:00-04:00,4,explained,flat,0.4042,hold,2,31.898,group_2,completed,True,1,0.3333333333333333,0.07086666666666669,3.4625433119005624
2026-08-10 07:18:23.514209,24,group_2,2024-09-26 09:40:00-04:00,5,explained,down,0.7008,buy,2,5.448,group_2,completed,True,0,0.3333333333333333,0.36746666666666666,1.6952485688472114
2026-08-10 07:18:29.045838,24,group_2,2025-05-21 14:40:00-04:00,6,explained,up,0.3529,hold,2,4.506,group_2,completed,True,0,0.3333333333333333,0.019566666666666677,1.5054098420100528
2026-08-10 07:18:36.381951,24,group_2,2025-12-12 11:50:00-05:00,7,explained,down,0.4241,buy,1,6.557,group_2,completed,True,0,0.0,0.4241,1.8805331812814825
2026-08-10 07:18:53.022641,24,group_2,2025-12-22 11:45:00-05:00,8,explained,flat,0.8806,buy,2,15.973,group_2,completed,True,0,0.3333333333333333,0.5472666666666668,2.7708997968078197
2026-08-10 07:18:58.731799,24,group_2,2026-06-24 14:40:00-04:00,9,explained,down,0.6079,buy,2,4.796,group_2,completed,True,0,0.3333333333333333,0.2745666666666667,1.5677822371652679
2026-08-10 07:19:38.130934,24,group_2,2022-09-06 11:45:00-04:00,10,unexplained,up,0.818,hold,1,38.748,group_2,completed,True,0,0.0,0.818,3.6570791415641386
2026-08-10 07:19:47.883042,24,group_2,2022-11-07 13:25:00-05:00,11,unexplained,up,0.4333,sell,2,9.185,group_2,completed,True,0,0.3333333333333333,0.0999666666666667,2.217571718667089
2026-08-10 07:20:10.138388,24,group_2,2023-03-20 09:30:00-04:00,12,unexplained,up,0.5718,hold,1,21.679,group_2,completed,True,0,0.0,0.5718,3.076344050046379
2026-08-10 07:20:16.988203,24,group_2,2023-10-20 14:40:00-04:00,13,unexplained,flat,0.3523,hold,1,6.54,group_2,completed,True,1,0.0,0.3523,1.8779371654691073
2026-08-10 07:20:22.853780,24,group_2,2023-12-26 13:45:00-05:00,14,unexplained,flat,0.8882,buy,1,5.482,group_2,completed,True,0,0.0,0.8882,1.701469997880594
2026-08-10 07:20:34.311837,24,group_2,2024-07-08 11:20:00-04:00,15,unexplained,flat,0.8107,sell,1,11.125,group_2,completed,True,0,0.0,0.8107,2.409194828052304
2026-08-10 07:20:41.335548,24,group_2,2025-03-28 12:45:00-04:00,16,unexplained,down,0.4593,sell,1,6.566,group_2,completed,True,1,0.0,0.4593,1.881904819079401
2026-08-10 07:20:54.493148,24,group_2,2025-07-18 10:35:00-04:00,17,unexplained,flat,0.7856,sell,1,12.607,group_2,completed,True,0,0.0,0.7856,2.5342522152491322
2026-08-10 07:21:05.841121,24,group_2,2025-12-18 13:05:00-05:00,18,unexplained,up,0.3841,hold,1,11.008,group_2,completed,True,0,0.0,0.3841,2.398622281190988
2026-08-10 07:21:12.776732,24,group_2,2026-02-17 13:05:00-05:00,19,unexplained,up,0.3797,hold,1,6.656,group_2,completed,True,0,0.0,0.3797,1.8955187035189074
2026-08-10 11:53:55.028388,49,group_1,2022-09-06 11:45:00-04:00,0,explained,up,0.818,sell,2,31.69,group_1,completed,True,0,0.3333333333333333,0.48466666666666663,3.4560011737028296
2026-08-10 11:54:04.280325,49,group_1,2022-11-07 13:25:00-05:00,1,explained,up,0.4333,hold,4,8.963,group_1,completed,True,0,1.0,0.5667,2.1931049923752246
2026-08-10 11:54:11.758017,49,group_1,2023-03-20 09:30:00-04:00,2,explained,up,0.5718,buy,3,7.201,group_1,completed,True,1,0.6666666666666666,0.09486666666666665,1.9742199052667297
2026-08-10 11:54:33.752885,49,group_1,2023-10-20 14:40:00-04:00,3,explained,flat,0.3523,hold,3,21.647,group_1,completed,True,1,0.6666666666666666,0.3143666666666666,3.0748668767177185
2026-08-10 11:54:51.272239,49,group_1,2023-12-26 13:45:00-05:00,4,explained,flat,0.8882,sell,2,17.229,group_1,completed,True,0,0.3333333333333333,0.5548666666666666,2.846594010550269
2026-08-10 11:55:00.397975,49,group_1,2024-07-08 11:20:00-04:00,5,explained,flat,0.8107,buy,3,8.683,group_1,completed,True,0,0.6666666666666666,0.14403333333333335,2.161367091078508
2026-08-10 11:55:10.129571,49,group_1,2025-03-28 12:45:00-04:00,6,explained,down,0.4593,buy,2,9.006,group_1,completed,True,0,0.3333333333333333,0.12596666666666667,2.19789102187938
2026-08-10 11:55:15.883743,49,group_1,2025-07-18 10:35:00-04:00,7,explained,flat,0.7856,hold,3,5.499,group_1,completed,True,1,0.6666666666666666,0.11893333333333334,1.7045662575256777
2026-08-10 11:55:33.188802,49,group_1,2025-12-18 13:05:00-05:00,8,explained,up,0.3841,hold,4,17.009,group_1,completed,True,0,1.0,0.6159,2.8337426157319547
2026-08-10 11:55:34.721887,48,group_2,2022-09-27 11:00:00-04:00,0,explained,up,0.9032,hold,2,56.071,group_2,completed,True,0,0.3333333333333333,0.5698666666666667,4.0266187448258375
2026-08-10 11:55:40.326304,49,group_1,2026-02-17 13:05:00-05:00,9,explained,up,0.3797,sell,3,6.873,group_1,completed,True,0,0.6666666666666666,0.28696666666666665,1.9276006921394682
2026-08-10 11:55:46.793963,49,group_1,2022-09-27 11:00:00-04:00,10,unexplained,up,0.9032,buy,3,6.139,group_1,completed,True,1,0.6666666666666666,0.23653333333333337,1.8146618624453594
2026-08-10 11:55:54.558688,48,group_2,2022-11-14 12:55:00-05:00,1,explained,down,0.4507,buy,3,19.565,group_2,completed,True,0,0.6666666666666666,0.21596666666666664,2.973742255662376
2026-08-10 11:56:06.470065,48,group_2,2023-04-20 09:50:00-04:00,2,explained,flat,0.4116,hold,3,11.61,group_2,completed,True,1,0.6666666666666666,0.2550666666666666,2.4518667957098
2026-08-10 11:56:08.537569,49,group_1,2022-11-14 12:55:00-05:00,11,unexplained,down,0.4507,buy,3,21.5,group_1,completed,True,0,0.6666666666666666,0.21596666666666664,3.068052935133617
2026-08-10 11:56:16.227143,49,group_1,2023-04-20 09:50:00-04:00,12,unexplained,flat,0.4116,hold,3,7.406,group_1,completed,True,1,0.6666666666666666,0.2550666666666666,2.002290482491421
2026-08-10 11:56:23.055733,49,group_1,2023-12-01 14:55:00-05:00,13,unexplained,down,0.6042,sell,3,6.559,group_1,completed,True,1,0.6666666666666666,0.06246666666666667,1.8808381523115985
2026-08-10 11:56:26.665937,49,group_1,2024-04-26 11:30:00-04:00,14,unexplained,flat,0.4042,sell,3,3.326,group_1,completed,True,0,0.6666666666666666,0.2624666666666666,1.201770380770736
2026-08-10 11:56:27.905876,48,group_2,2023-12-01 14:55:00-05:00,3,explained,down,0.6042,buy,3,21.13,group_2,completed,True,0,0.6666666666666666,0.06246666666666667,3.0506938316279655
2026-08-10 11:56:31.011896,49,group_1,2024-09-26 09:40:00-04:00,15,unexplained,down,0.7008,buy,3,4.092,group_1,completed,True,0,0.6666666666666666,0.03413333333333335,1.40903384808938
2026-08-10 11:56:33.818942,49,group_1,2025-05-21 14:40:00-04:00,16,unexplained,up,0.3529,hold,3,2.535,group_1,completed,True,0,0.6666666666666666,0.31376666666666664,0.9301936370431465
2026-08-10 11:56:35.440115,48,group_2,2024-04-26 11:30:00-04:00,4,explained,flat,0.4042,hold,5,7.227,group_2,completed,True,1,1.3333333333333333,0.9291333333333333,1.9778240123008441
2026-08-10 11:56:36.068310,49,group_1,2025-12-12 11:50:00-05:00,17,unexplained,down,0.4241,hold,3,1.952,group_1,completed,True,0,0.6666666666666666,0.24256666666666665,0.6688544879909007
2026-08-10 11:56:42.485727,49,group_1,2025-12-22 11:45:00-05:00,18,unexplained,flat,0.8806,hold,4,5.718,group_1,completed,True,1,1.0,0.11939999999999995,1.7436190939001202
2026-08-10 11:56:45.713636,48,group_2,2024-09-26 09:40:00-04:00,5,explained,down,0.7008,buy,4,9.986,group_2,completed,True,0,1.0,0.2992,2.3011841120784178
2026-08-10 11:56:48.442746,49,group_1,2026-06-24 14:40:00-04:00,19,unexplained,down,0.6079,sell,2,5.696,group_1,completed,True,1,0.3333333333333333,0.2745666666666667,1.7397641741096745
2026-08-10 11:56:52.879428,48,group_2,2025-05-21 14:40:00-04:00,6,explained,up,0.3529,sell,4,6.87,group_2,completed,True,0,1.0,0.6471,1.927164106234258
2026-08-10 11:57:03.439159,48,group_2,2025-12-12 11:50:00-05:00,7,explained,down,0.4241,buy,5,10.234,group_2,completed,True,0,1.3333333333333333,0.9092333333333333,2.3257155103829
2026-08-10 11:57:08.939272,48,group_2,2025-12-22 11:45:00-05:00,8,explained,flat,0.8806,hold,4,5.224,group_2,completed,True,1,1.0,0.11939999999999995,1.65326339197413
2026-08-10 11:57:23.357512,48,group_2,2026-06-24 14:40:00-04:00,9,explained,down,0.6079,hold,2,14.151,group_2,completed,True,0,0.3333333333333333,0.2745666666666667,2.6497852929702344
2026-08-10 11:57:33.219927,48,group_2,2022-09-06 11:45:00-04:00,10,unexplained,up,0.818,sell,3,9.503,group_2,completed,True,0,0.6666666666666666,0.15133333333333332,2.251607538229178
2026-08-10 11:57:46.254911,48,group_2,2022-11-07 13:25:00-05:00,11,unexplained,up,0.4333,hold,1,12.735,group_2,completed,True,0,0.0,0.4333,2.54435410843142
2026-08-10 11:58:00.683792,48,group_2,2023-03-20 09:30:00-04:00,12,unexplained,up,0.5718,sell,1,14.146,group_2,completed,True,0,0.0,0.5718,2.6494318986137984
2026-08-10 11:58:07.774768,48,group_2,2023-10-20 14:40:00-04:00,13,unexplained,flat,0.3523,hold,5,6.826,group_2,completed,True,1,1.3333333333333333,0.9810333333333332,1.9207388504845153
2026-08-10 11:58:17.562680,48,group_2,2023-12-26 13:45:00-05:00,14,unexplained,flat,0.8882,sell,2,9.51,group_2,completed,True,0,0.3333333333333333,0.5548666666666666,2.252343876557299
2026-08-10 11:58:29.170603,48,group_2,2024-07-08 11:20:00-04:00,15,unexplained,flat,0.8107,hold,3,11.297,group_2,completed,True,1,0.6666666666666666,0.14403333333333335,2.4245372037447916
2026-08-10 11:58:37.788800,48,group_2,2025-03-28 12:45:00-04:00,16,unexplained,down,0.4593,buy,4,8.357,group_2,completed,True,0,1.0,0.5407,2.123099511019299
2026-08-10 11:59:30.880106,48,group_2,2025-07-18 10:35:00-04:00,17,unexplained,flat,0.7856,hold,2,52.798,group_2,completed,True,1,0.3333333333333333,0.45226666666666665,3.9664733112069177
2026-08-10 11:59:39.555340,48,group_2,2025-12-18 13:05:00-05:00,18,unexplained,up,0.3841,sell,2,8.374,group_2,completed,True,0,0.3333333333333333,0.05076666666666668,2.1251316675969516
2026-08-10 11:59:45.623441,48,group_2,2026-02-17 13:05:00-05:00,19,unexplained,up,0.3797,sell,2,5.776,group_2,completed,True,0,0.3333333333333333,0.04636666666666667,1.753711401590525
2026-08-10 16:33:41.333763,21,group_1,2022-09-06 11:45:00-04:00,0,explained,up,0.818,buy,3,84.695,group_1,completed,True,1,0.6666666666666666,0.15133333333333332,4.439056568038345
2026-08-10 16:34:02.073610,21,group_1,2022-11-07 13:25:00-05:00,1,explained,up,0.4333,hold,3,20.395,group_1,completed,True,0,0.6666666666666666,0.2333666666666666,3.015289772769522
2026-08-10 16:34:20.401971,21,group_1,2023-03-20 09:30:00-04:00,2,explained,up,0.5718,buy,3,18.004,group_1,completed,True,1,0.6666666666666666,0.09486666666666665,2.8905939554306865
2026-08-10 16:34:33.719826,21,group_1,2023-10-20 14:40:00-04:00,3,explained,flat,0.3523,sell,3,12.975,group_1,completed,True,0,0.6666666666666666,0.3143666666666666,2.563024429051952
2026-08-10 16:34:53.131569,21,group_1,2023-12-26 13:45:00-05:00,4,explained,flat,0.8882,buy,3,19.09,group_1,completed,True,0,0.6666666666666666,0.22153333333333336,2.949164637737656
2026-08-10 16:35:01.387121,21,group_1,2024-07-08 11:20:00-04:00,5,explained,flat,0.8107,hold,3,7.981,group_1,completed,True,1,0.6666666666666666,0.14403333333333335,2.0770637168938717
2026-08-10 16:35:14.495122,21,group_1,2025-03-28 12:45:00-04:00,6,explained,down,0.4593,buy,3,12.796,group_1,completed,True,0,0.6666666666666666,0.20736666666666664,2.5491326220872716
2026-08-10 16:35:25.061571,21,group_1,2025-07-18 10:35:00-04:00,7,explained,flat,0.7856,buy,3,10.276,group_1,completed,True,0,0.6666666666666666,0.11893333333333334,2.329811079247637
2026-08-10 16:35:29.664577,21,group_1,2025-12-18 13:05:00-05:00,8,explained,up,0.3841,buy,3,4.318,group_1,completed,True,1,0.6666666666666666,0.28256666666666663,1.4627923320926155
2026-08-10 16:35:35.613203,21,group_1,2026-02-17 13:05:00-05:00,9,explained,up,0.3797,buy,3,5.63,group_1,completed,True,1,0.6666666666666666,0.28696666666666665,1.728109442151599
2026-08-10 16:35:48.726078,21,group_1,2022-09-27 11:00:00-04:00,10,unexplained,up,0.9032,buy,3,12.826,group_1,completed,True,1,0.6666666666666666,0.23653333333333337,2.551474360726671
2026-08-10 16:35:55.740542,21,group_1,2022-11-14 12:55:00-05:00,11,unexplained,down,0.4507,sell,3,6.727,group_1,completed,True,1,0.6666666666666666,0.21596666666666664,1.9061292790434687
2026-08-10 16:36:02.867658,21,group_1,2023-04-20 09:50:00-04:00,12,unexplained,flat,0.4116,hold,3,6.788,group_1,completed,True,1,0.6666666666666666,0.2550666666666666,1.91515634737198
2026-08-10 16:36:10.480961,21,group_1,2023-12-01 14:55:00-05:00,13,unexplained,down,0.6042,hold,3,7.342,group_1,completed,True,0,0.6666666666666666,0.06246666666666667,1.9936112850746426
2026-08-10 16:36:24.675870,21,group_1,2024-04-26 11:30:00-04:00,14,unexplained,flat,0.4042,sell,3,13.898,group_1,completed,True,0,0.6666666666666666,0.2624666666666666,2.6317449448921355
2026-08-10 16:36:30.200016,21,group_1,2024-09-26 09:40:00-04:00,15,unexplained,down,0.7008,buy,3,5.253,group_1,completed,True,0,0.6666666666666666,0.03413333333333335,1.6587993419718245
2026-08-10 16:36:35.900336,21,group_1,2025-05-21 14:40:00-04:00,16,unexplained,up,0.3529,buy,3,5.363,group_1,completed,True,1,0.6666666666666666,0.31376666666666664,1.6795235200007883
2026-08-10 16:36:41.775966,21,group_1,2025-12-12 11:50:00-05:00,17,unexplained,down,0.4241,hold,3,5.508,group_1,completed,True,0,0.6666666666666666,0.24256666666666665,1.7062015808664084
2026-08-10 16:36:48.311525,21,group_1,2025-12-22 11:45:00-05:00,18,unexplained,flat,0.8806,hold,3,6.219,group_1,completed,True,1,0.6666666666666666,0.21393333333333342,1.8276091221217523
2026-08-10 16:36:53.913818,21,group_1,2026-06-24 14:40:00-04:00,19,unexplained,down,0.6079,sell,3,5.332,group_1,completed,True,1,0.6666666666666666,0.058766666666666634,1.6737264023164622
2026-08-11 10:00:48.493429,56,group_2,2022-09-27 11:00:00-04:00,0,explained,up,0.9032,buy,2,78.983,group_2,completed,True,1,0.3333333333333333,0.5698666666666667,4.369232639436941
2026-08-11 10:01:48.971838,56,group_2,2022-11-14 12:55:00-05:00,1,explained,down,0.4507,sell,3,59.509,group_2,completed,True,1,0.6666666666666666,0.21596666666666664,4.08612756161707
2026-08-11 10:02:07.192636,56,group_2,2023-04-20 09:50:00-04:00,2,explained,flat,0.4116,hold,3,17.713,group_2,completed,True,1,0.6666666666666666,0.2550666666666666,2.8742988332704598
2026-08-11 10:02:29.373225,56,group_2,2023-12-01 14:55:00-05:00,3,explained,down,0.6042,buy,4,21.307,group_2,completed,True,0,1.0,0.39580000000000004,3.0590356572232293
2026-08-11 10:02:43.429674,56,group_2,2024-04-26 11:30:00-04:00,4,explained,flat,0.4042,hold,3,13.605,group_2,completed,True,1,0.6666666666666666,0.2624666666666666,2.6104373722352094
2026-08-11 10:03:34.859607,56,group_2,2024-09-26 09:40:00-04:00,5,explained,down,0.7008,sell,3,50.977,group_2,completed,True,1,0.6666666666666666,0.03413333333333335,3.9313745506099274
2026-08-11 10:03:47.049983,56,group_2,2025-05-21 14:40:00-04:00,6,explained,up,0.3529,hold,3,11.098,group_2,completed,True,0,0.6666666666666666,0.31376666666666664,2.40676491190371
2026-08-11 10:04:07.559360,56,group_2,2025-12-12 11:50:00-05:00,7,explained,down,0.4241,sell,2,20.092,group_2,completed,True,1,0.3333333333333333,0.09076666666666666,3.0003217258877983
2026-08-11 10:04:19.937439,56,group_2,2025-12-22 11:45:00-05:00,8,explained,flat,0.8806,hold,5,11.917,group_2,completed,True,1,1.3333333333333333,0.4527333333333332,2.477965952108669
2026-08-11 10:04:51.549600,56,group_2,2026-06-24 14:40:00-04:00,9,explained,down,0.6079,sell,3,31.126,group_2,completed,True,1,0.6666666666666666,0.058766666666666634,3.438043482782818
2026-08-11 10:05:12.450820,56,group_2,2022-09-06 11:45:00-04:00,10,unexplained,up,0.818,buy,4,20.445,group_2,completed,True,1,1.0,0.18200000000000005,3.017738353816606
2026-08-11 10:05:20.816019,56,group_2,2022-11-07 13:25:00-05:00,11,unexplained,up,0.4333,buy,2,6.768,group_2,completed,True,1,0.3333333333333333,0.0999666666666667,1.912205622303922
2026-08-11 10:05:26.980334,56,group_2,2023-03-20 09:30:00-04:00,12,unexplained,up,0.5718,buy,3,5.759,group_2,completed,True,1,0.6666666666666666,0.09486666666666665,1.7507638485245354
2026-08-11 10:05:38.244682,56,group_2,2023-10-20 14:40:00-04:00,13,unexplained,flat,0.3523,hold,2,10.781,group_2,completed,True,1,0.3333333333333333,0.018966666666666687,2.3777853255569807
2026-08-11 10:05:45.272558,56,group_2,2023-12-26 13:45:00-05:00,14,unexplained,flat,0.8882,hold,5,6.337,group_2,completed,True,1,1.3333333333333333,0.44513333333333327,1.84640547034138
2026-08-11 10:05:56.013727,56,group_2,2024-07-08 11:20:00-04:00,15,unexplained,flat,0.8107,hold,5,10.253,group_2,completed,True,1,1.3333333333333333,0.5226333333333333,2.3275703456879544
2026-08-11 10:06:02.306025,56,group_2,2025-03-28 12:45:00-04:00,16,unexplained,down,0.4593,sell,2,5.849,group_2,completed,True,1,0.3333333333333333,0.12596666666666667,1.7662707064608887
2026-08-11 10:06:15.326549,56,group_2,2025-07-18 10:35:00-04:00,17,unexplained,flat,0.7856,hold,3,12.484,group_2,completed,True,1,0.6666666666666666,0.11893333333333334,2.524447824408533
2026-08-11 10:06:26.417327,56,group_2,2025-12-18 13:05:00-05:00,18,unexplained,up,0.3841,hold,2,10.421,group_2,completed,True,0,0.3333333333333333,0.05076666666666668,2.3438230010102905
2026-08-11 10:06:34.112613,56,group_2,2026-02-17 13:05:00-05:00,19,unexplained,up,0.3797,hold,2,7.268,group_2,completed,True,0,0.3333333333333333,0.04636666666666667,1.9834811505339247
2026-08-11 11:24:32.646041,61,group_2,2022-09-27 11:00:00-04:00,0,explained,up,0.9032,hold,3,35.956,group_2,completed,True,0,0.6666666666666666,0.23653333333333337,3.582295968711153
2026-08-11 11:24:47.609350,61,group_2,2022-11-14 12:55:00-05:00,1,explained,down,0.4507,sell,3,14.241,group_2,completed,True,1,0.6666666666666666,0.21596666666666664,2.656125128237291
2026-08-11 11:25:00.001482,61,group_2,2023-04-20 09:50:00-04:00,2,explained,flat,0.4116,hold,3,11.714,group_2,completed,True,1,0.6666666666666666,0.2550666666666666,2.4607847076675906
2026-08-11 11:25:19.913773,61,group_2,2023-12-01 14:55:00-05:00,3,explained,down,0.6042,buy,4,19.173,group_2,completed,True,0,1.0,0.39580000000000004,2.9535030393362542
2026-08-11 11:25:33.318579,61,group_2,2024-04-26 11:30:00-04:00,4,explained,flat,0.4042,buy,5,12.98,group_2,completed,True,0,1.3333333333333333,0.9291333333333333,2.563409711275944
2026-08-11 11:25:47.744351,61,group_2,2024-09-26 09:40:00-04:00,5,explained,down,0.7008,sell,2,14.026,group_2,completed,True,1,0.3333333333333333,0.36746666666666666,2.6409127501147185
2026-08-11 11:25:54.330588,61,group_2,2025-05-21 14:40:00-04:00,6,explained,up,0.3529,sell,1,6.185,group_2,completed,True,0,0.0,0.3529,1.8221270058444512
2026-08-11 11:26:03.338697,61,group_2,2025-12-12 11:50:00-05:00,7,explained,down,0.4241,buy,4,8.532,group_2,completed,True,0,1.0,0.5759000000000001,2.143823800609104
2026-08-11 11:26:11.749038,61,group_2,2025-12-22 11:45:00-05:00,8,explained,flat,0.8806,hold,3,7.945,group_2,completed,True,1,0.6666666666666666,0.21393333333333342,2.072542799988679
2026-08-11 11:26:17.460388,61,group_2,2026-06-24 14:40:00-04:00,9,explained,down,0.6079,sell,4,5.248,group_2,completed,True,1,1.0,0.3921,1.657847051641788
2026-08-11 11:26:27.048882,61,group_2,2022-09-06 11:45:00-04:00,10,unexplained,up,0.818,buy,4,9.169,group_2,completed,True,1,1.0,0.18200000000000005,2.215828229067764
2026-08-11 11:26:32.828927,61,group_2,2022-11-07 13:25:00-05:00,11,unexplained,up,0.4333,buy,4,5.337,group_2,completed,True,1,1.0,0.5667,1.6746636973518076
2026-08-11 11:26:41.455576,61,group_2,2023-03-20 09:30:00-04:00,12,unexplained,up,0.5718,sell,2,8.18,group_2,completed,True,0,0.3333333333333333,0.23846666666666666,2.1016921506146558
2026-08-11 11:26:46.710539,61,group_2,2023-10-20 14:40:00-04:00,13,unexplained,flat,0.3523,sell,4,4.825,group_2,completed,True,0,1.0,0.6476999999999999,1.5738107347909494
2026-08-11 11:26:54.150451,61,group_2,2023-12-26 13:45:00-05:00,14,unexplained,flat,0.8882,buy,5,7.021,group_2,completed,True,0,1.3333333333333333,0.44513333333333327,1.9489056580351118
2026-08-11 11:27:00.168541,61,group_2,2024-07-08 11:20:00-04:00,15,unexplained,flat,0.8107,hold,4,5.605,group_2,completed,True,1,1.0,0.18930000000000002,1.7236590565241232
2026-08-11 11:27:05.666659,61,group_2,2025-03-28 12:45:00-04:00,16,unexplained,down,0.4593,sell,2,5.003,group_2,completed,True,1,0.3333333333333333,0.12596666666666667,1.610037732506068
2026-08-11 11:27:12.983039,61,group_2,2025-07-18 10:35:00-04:00,17,unexplained,flat,0.7856,sell,4,6.893,group_2,completed,True,0,1.0,0.21440000000000003,1.9305064039035147
2026-08-11 11:27:21.883538,61,group_2,2025-12-18 13:05:00-05:00,18,unexplained,up,0.3841,hold,4,8.497,group_2,completed,True,0,1.0,0.6159,2.139713160021404
2026-08-11 11:27:27.790743,61,group_2,2026-02-17 13:05:00-05:00,19,unexplained,up,0.3797,hold,2,5.476,group_2,completed,True,0,0.3333333333333333,0.04636666666666667,1.7003749074262025
2026-08-11 13:33:40.041541,10,group_2,2022-09-27 11:00:00-04:00,0,explained,up,0.9032,hold,5,49.362,group_2,completed,True,0,1.3333333333333333,0.43013333333333326,3.899180897414848
2026-08-11 13:34:14.470352,10,group_2,2022-11-14 12:55:00-05:00,1,explained,down,0.4507,sell,3,33.924,group_2,completed,True,1,0.6666666666666666,0.21596666666666664,3.5241227284994534
2026-08-11 13:34:33.947083,10,group_2,2023-04-20 09:50:00-04:00,2,explained,flat,0.4116,sell,5,18.893,group_2,completed,True,0,1.3333333333333333,0.9217333333333333,2.938791483091181
2026-08-11 13:34:45.286559,10,group_2,2023-12-01 14:55:00-05:00,3,explained,down,0.6042,hold,3,10.284,group_2,completed,True,0,0.6666666666666666,0.06246666666666667,2.330589289403643
2026-08-11 13:35:12.530021,10,group_2,2024-04-26 11:30:00-04:00,4,explained,flat,0.4042,sell,5,26.758,group_2,completed,True,0,1.3333333333333333,0.9291333333333333,3.2868334940514274
2026-08-11 13:35:35.171077,10,group_2,2024-09-26 09:40:00-04:00,5,explained,down,0.7008,sell,3,22.237,group_2,completed,True,1,0.6666666666666666,0.03413333333333335,3.101757568197295
2026-08-11 13:35:45.822008,10,group_2,2025-05-21 14:40:00-04:00,6,explained,up,0.3529,hold,3,10.054,group_2,completed,True,0,0.6666666666666666,0.31376666666666664,2.3079705652703835
2026-08-11 13:36:18.173460,10,group_2,2025-12-12 11:50:00-05:00,7,explained,down,0.4241,sell,3,31.746,group_2,completed,True,1,0.6666666666666666,0.24256666666666665,3.4577667331500495
2026-08-11 13:36:26.123961,10,group_2,2025-12-22 11:45:00-05:00,8,explained,flat,0.8806,buy,5,7.589,group_2,completed,True,0,1.3333333333333333,0.4527333333333332,2.0266998304217756
2026-08-11 13:37:03.773986,10,group_2,2026-06-24 14:40:00-04:00,9,explained,down,0.6079,buy,3,37.178,group_2,completed,True,0,0.6666666666666666,0.058766666666666634,3.615717188484952
2026-08-11 13:37:12.109717,10,group_2,2022-09-06 11:45:00-04:00,10,unexplained,up,0.818,buy,3,7.952,group_2,completed,True,1,0.6666666666666666,0.15133333333333332,2.073423469354273
2026-08-11 13:37:20.360013,10,group_2,2022-11-07 13:25:00-05:00,11,unexplained,up,0.4333,hold,3,7.665,group_2,completed,True,0,0.6666666666666666,0.2333666666666666,2.0366645123237777
2026-08-11 13:37:37.925307,10,group_2,2023-03-20 09:30:00-04:00,12,unexplained,up,0.5718,sell,3,17.203,group_2,completed,True,0,0.6666666666666666,0.09486666666666665,2.845083787214902
2026-08-11 13:37:43.917110,10,group_2,2023-10-20 14:40:00-04:00,13,unexplained,flat,0.3523,hold,3,5.656,group_2,completed,True,1,0.6666666666666666,0.3143666666666666,1.7327169285942716
2026-08-11 13:37:49.658337,10,group_2,2023-12-26 13:45:00-05:00,14,unexplained,flat,0.8882,sell,3,5.149,group_2,completed,True,0,0.6666666666666666,0.22153333333333336,1.6388025210640043
2026-08-11 13:38:45.603006,10,group_2,2024-07-08 11:20:00-04:00,15,unexplained,flat,0.8107,buy,3,55.559,group_2,completed,True,0,0.6666666666666666,0.14403333333333335,4.017445519164052
2026-08-11 13:38:52.209515,10,group_2,2025-03-28 12:45:00-04:00,16,unexplained,down,0.4593,hold,3,6.21,group_2,completed,True,0,0.6666666666666666,0.20736666666666664,1.8261608959453874
2026-08-11 13:38:59.387026,10,group_2,2025-07-18 10:35:00-04:00,17,unexplained,flat,0.7856,sell,5,6.002,group_2,completed,True,0,1.3333333333333333,0.5477333333333333,1.7920927470181753
2026-08-11 13:39:09.070421,10,group_2,2025-12-18 13:05:00-05:00,18,unexplained,up,0.3841,hold,4,9.306,group_2,completed,True,0,1.0,0.6159,2.230659353422457
2026-08-11 13:39:17.191908,10,group_2,2026-02-17 13:05:00-05:00,19,unexplained,up,0.3797,hold,4,7.688,group_2,completed,True,0,1.0,0.6203000000000001,2.0396606716679915
2026-08-11 13:54:46.633135,59,group_1,2022-09-06 11:45:00-04:00,0,explained,up,0.818,hold,1,51.179,group_1,completed,True,0,0.0,0.818,3.9353292916583804
2026-08-11 13:55:01.129785,59,group_1,2022-11-07 13:25:00-05:00,1,explained,up,0.4333,hold,1,14.133,group_1,completed,True,0,0.0,0.4333,2.6485124883860136
2026-08-11 13:55:08.875310,59,group_1,2023-03-20 09:30:00-04:00,2,explained,up,0.5718,hold,3,7.354,group_1,completed,True,0,0.6666666666666666,0.09486666666666665,1.9952443828790802
2026-08-11 13:55:20.158128,59,group_1,2023-10-20 14:40:00-04:00,3,explained,flat,0.3523,sell,3,10.842,group_1,completed,True,0,0.6666666666666666,0.3143666666666666,2.3834274808381464
2026-08-11 13:55:25.125017,59,group_1,2023-12-26 13:45:00-05:00,4,explained,flat,0.8882,hold,3,4.616,group_1,completed,True,1,0.6666666666666666,0.22153333333333336,1.5295285292057983
2026-08-11 13:55:47.636123,59,group_1,2024-07-08 11:20:00-04:00,5,explained,flat,0.8107,hold,1,21.98,group_1,completed,True,1,0.0,0.8107,3.090132948975475
2026-08-11 13:56:34.213719,59,group_1,2025-03-28 12:45:00-04:00,6,explained,down,0.4593,buy,1,46.179,group_1,completed,True,0,0.0,0.4593,3.832525149296047
2026-08-11 13:56:53.232218,59,group_1,2025-07-18 10:35:00-04:00,7,explained,flat,0.7856,sell,3,18.596,group_1,completed,True,0,0.6666666666666666,0.11893333333333334,2.922946503828338
2026-08-11 13:57:05.359429,59,group_1,2025-12-18 13:05:00-05:00,8,explained,up,0.3841,hold,3,11.751,group_1,completed,True,0,0.6666666666666666,0.28256666666666663,2.463938343351804
2026-08-11 13:57:15.014146,59,group_1,2026-02-17 13:05:00-05:00,9,explained,up,0.3797,sell,3,9.27,group_1,completed,True,0,0.6666666666666666,0.28696666666666665,2.2267833795777636
2026-08-11 13:57:44.905018,59,group_1,2022-09-27 11:00:00-04:00,10,unexplained,up,0.9032,hold,1,29.463,group_1,completed,True,0,0.0,0.9032,3.383135238843747
2026-08-11 13:57:55.426970,59,group_1,2022-11-14 12:55:00-05:00,11,unexplained,down,0.4507,hold,3,10.152,group_1,completed,True,0,0.6666666666666666,0.21596666666666664,2.3176707304120865
2026-08-11 13:58:03.517495,59,group_1,2023-04-20 09:50:00-04:00,12,unexplained,flat,0.4116,sell,1,7.738,group_1,completed,True,0,0.0,0.4116,2.0461432562783215
2026-08-11 13:58:13.853926,59,group_1,2023-12-01 14:55:00-05:00,13,unexplained,down,0.6042,hold,1,9.96,group_1,completed,True,0,0.0,0.6042,2.298577071596507
2026-08-11 13:58:23.086733,59,group_1,2024-04-26 11:30:00-04:00,14,unexplained,flat,0.4042,hold,1,8.845,group_1,completed,True,1,0.0,0.4042,2.1798523276117487
2026-08-11 13:58:29.011126,59,group_1,2024-09-26 09:40:00-04:00,15,unexplained,down,0.7008,hold,3,5.458,group_1,completed,True,0,0.6666666666666666,0.03413333333333335,1.6970824222861467
2026-08-11 13:58:39.083263,59,group_1,2025-05-21 14:40:00-04:00,16,unexplained,up,0.3529,sell,3,9.69,group_1,completed,True,0,0.6666666666666666,0.31376666666666664,2.2710944259026746
2026-08-11 13:58:45.891948,59,group_1,2025-12-12 11:50:00-05:00,17,unexplained,down,0.4241,sell,1,6.459,group_1,completed,True,1,0.0,0.4241,1.8654745070503356
2026-08-11 13:58:53.518355,59,group_1,2025-12-22 11:45:00-05:00,18,unexplained,flat,0.8806,hold,1,7.25,group_1,completed,True,1,0.0,0.8806,1.9810014688665833
2026-08-11 13:59:02.322241,59,group_1,2026-06-24 14:40:00-04:00,19,unexplained,down,0.6079,hold,1,8.345,group_1,completed,True,0,0.0,0.6079,2.1216625571137984
2026-08-11 14:13:52.907454,68,group_1,2022-09-06 11:45:00-04:00,0,explained,up,0.818,hold,3,83.174,group_1,completed,True,0,0.6666666666666666,0.15133333333333332,4.420934798988863
2026-08-11 14:14:00.164155,68,group_1,2022-11-07 13:25:00-05:00,1,explained,up,0.4333,hold,3,6.816,group_1,completed,True,0,0.6666666666666666,0.2333666666666666,1.9192727895270145
2026-08-11 14:14:05.023595,68,group_1,2023-03-20 09:30:00-04:00,2,explained,up,0.5718,sell,3,4.319,group_1,completed,True,0,0.6666666666666666,0.09486666666666665,1.463023893978564
2026-08-11 14:14:09.496866,68,group_1,2023-10-20 14:40:00-04:00,3,explained,flat,0.3523,sell,3,4.098,group_1,completed,True,0,0.6666666666666666,0.3143666666666666,1.410499049816708
2026-08-11 14:14:14.136924,68,group_1,2023-12-26 13:45:00-05:00,4,explained,flat,0.8882,buy,3,4.241,group_1,completed,True,0,0.6666666666666666,0.22153333333333336,1.4447990904924535
2026-08-11 14:14:22.171506,68,group_1,2024-07-08 11:20:00-04:00,5,explained,flat,0.8107,buy,3,7.665,group_1,completed,True,0,0.6666666666666666,0.14403333333333335,2.0366645123237777
2026-08-11 14:14:26.904882,68,group_1,2025-03-28 12:45:00-04:00,6,explained,down,0.4593,sell,3,4.304,group_1,completed,True,1,0.6666666666666666,0.20736666666666664,1.4595448228594834
2026-08-11 14:14:32.313448,68,group_1,2025-07-18 10:35:00-04:00,7,explained,flat,0.7856,sell,3,5.033,group_1,completed,True,0,0.6666666666666666,0.11893333333333334,1.616016227794223
2026-08-11 14:14:36.946646,68,group_1,2025-12-18 13:05:00-05:00,8,explained,up,0.3841,hold,3,4.252,group_1,completed,True,0,0.6666666666666666,0.28256666666666663,1.4473894604797015
2026-08-11 14:14:42.880229,68,group_1,2026-02-17 13:05:00-05:00,9,explained,up,0.3797,hold,3,5.445,group_1,completed,True,0,0.6666666666666666,0.28696666666666665,1.694697756384924
2026-08-11 14:14:49.108668,68,group_1,2022-09-27 11:00:00-04:00,10,unexplained,up,0.9032,sell,3,5.647,group_1,completed,True,0,0.6666666666666666,0.23653333333333337,1.7311244306906997
2026-08-11 14:14:54.282400,68,group_1,2022-11-14 12:55:00-05:00,11,unexplained,down,0.4507,hold,3,4.727,group_1,completed,True,0,0.6666666666666666,0.21596666666666664,1.5532907518110994
2026-08-11 14:15:05.514026,68,group_1,2023-04-20 09:50:00-04:00,12,unexplained,flat,0.4116,sell,3,10.686,group_1,completed,True,0,0.6666666666666666,0.2550666666666666,2.3689344735355795
2026-08-11 14:15:30.260269,68,group_1,2023-12-01 14:55:00-05:00,13,unexplained,down,0.6042,hold,3,24.328,group_1,completed,True,0,0.6666666666666666,0.06246666666666667,3.1916279503750635
2026-08-11 14:15:38.072286,68,group_1,2024-04-26 11:30:00-04:00,14,unexplained,flat,0.4042,hold,3,7.375,group_1,completed,True,1,0.6666666666666666,0.2624666666666666,1.9980959022258835
2026-08-11 14:15:43.431048,68,group_1,2024-09-26 09:40:00-04:00,15,unexplained,down,0.7008,hold,3,4.894,group_1,completed,True,0,0.6666666666666666,0.03413333333333335,1.58800996502048
2026-08-11 14:15:51.977659,68,group_1,2025-05-21 14:40:00-04:00,16,unexplained,up,0.3529,sell,3,8.173,group_1,completed,True,0,0.6666666666666666,0.31376666666666664,2.1008360385339926
2026-08-11 14:15:56.877783,68,group_1,2025-12-12 11:50:00-05:00,17,unexplained,down,0.4241,sell,3,4.449,group_1,completed,True,1,0.6666666666666666,0.24256666666666665,1.4926793518239048
2026-08-11 14:16:02.774939,68,group_1,2025-12-22 11:45:00-05:00,18,unexplained,flat,0.8806,sell,3,5.487,group_1,completed,True,0,0.6666666666666666,0.21393333333333342,1.7023816580768383
2026-08-11 14:16:08.623797,68,group_1,2026-06-24 14:40:00-04:00,19,unexplained,down,0.6079,sell,3,5.466,group_1,completed,True,1,0.6666666666666666,0.058766666666666634,1.6985470875058764
2026-08-11 14:45:17.302821,73,group_2,2022-09-27 11:00:00-04:00,0,explained,up,0.9032,buy,3,35.418,group_2,completed,True,1,0.6666666666666666,0.23653333333333337,3.5672201654866074
2026-08-11 14:45:53.534235,73,group_2,2022-11-14 12:55:00-05:00,1,explained,down,0.4507,hold,3,35.813,group_2,completed,True,0,0.6666666666666666,0.21596666666666664,3.578310955983081
2026-08-11 14:46:08.313954,73,group_2,2023-04-20 09:50:00-04:00,2,explained,flat,0.4116,sell,3,14.364,group_2,completed,True,0,0.6666666666666666,0.2550666666666666,2.6647250763638364
2026-08-11 14:46:21.103043,73,group_2,2023-12-01 14:55:00-05:00,3,explained,down,0.6042,buy,3,12.165,group_2,completed,True,0,0.6666666666666666,0.06246666666666667,2.498562976235486
2026-08-11 14:46:26.308700,73,group_2,2024-04-26 11:30:00-04:00,4,explained,flat,0.4042,buy,3,4.805,group_2,completed,True,0,0.6666666666666666,0.2624666666666666,1.5696570424222558
2026-08-11 14:46:30.360226,73,group_2,2024-09-26 09:40:00-04:00,5,explained,down,0.7008,buy,3,3.667,group_2,completed,True,0,0.6666666666666666,0.03413333333333335,1.2993738890891888
2026-08-11 14:46:34.833111,73,group_2,2025-05-21 14:40:00-04:00,6,explained,up,0.3529,sell,3,4.002,group_2,completed,True,0,0.6666666666666666,0.31376666666666664,1.3867942361615415
2026-08-11 14:46:39.804607,73,group_2,2025-12-12 11:50:00-05:00,7,explained,down,0.4241,sell,3,4.592,group_2,completed,True,1,0.6666666666666666,0.24256666666666665,1.5243156590172653
2026-08-11 14:46:44.432956,73,group_2,2025-12-22 11:45:00-05:00,8,explained,flat,0.8806,buy,3,4.164,group_2,completed,True,0,0.6666666666666666,0.21393333333333342,1.4264761507527224
2026-08-11 14:46:50.571085,73,group_2,2026-06-24 14:40:00-04:00,9,explained,down,0.6079,buy,3,5.655,group_2,completed,True,0,0.6666666666666666,0.058766666666666634,1.732540109568084
2026-08-11 14:47:03.385959,73,group_2,2022-09-06 11:45:00-04:00,10,unexplained,up,0.818,buy,3,12.407,group_2,completed,True,1,0.6666666666666666,0.15133333333333332,2.5182608294607345
2026-08-11 14:47:15.538967,73,group_2,2022-11-07 13:25:00-05:00,11,unexplained,up,0.4333,sell,3,11.777,group_2,completed,True,0,0.6666666666666666,0.2333666666666666,2.4661484768594115
2026-08-11 14:47:21.209167,73,group_2,2023-03-20 09:30:00-04:00,12,unexplained,up,0.5718,sell,3,5.265,group_2,completed,True,0,0.6666666666666666,0.09486666666666665,1.6610811455859387
2026-08-11 14:47:25.521699,73,group_2,2023-10-20 14:40:00-04:00,13,unexplained,flat,0.3523,hold,3,3.912,group_2,completed,True,1,0.6666666666666666,0.3143666666666666,1.3640487521725708
2026-08-11 14:47:31.871450,73,group_2,2023-12-26 13:45:00-05:00,14,unexplained,flat,0.8882,buy,3,5.913,group_2,completed,True,0,0.6666666666666666,0.22153333333333336,1.7771533168386928
2026-08-11 14:47:41.156603,73,group_2,2024-07-08 11:20:00-04:00,15,unexplained,flat,0.8107,hold,3,8.87,group_2,completed,True,1,0.6666666666666666,0.14403333333333335,2.182674796321488
2026-08-11 14:47:47.572820,73,group_2,2025-03-28 12:45:00-04:00,16,unexplained,down,0.4593,sell,3,6.017,group_2,completed,True,1,0.6666666666666666,0.20736666666666664,1.7945887962382148
2026-08-11 14:48:08.588698,73,group_2,2025-07-18 10:35:00-04:00,17,unexplained,flat,0.7856,hold,3,20.574,group_2,completed,True,1,0.6666666666666666,0.11893333333333334,3.0240281427088385
2026-08-11 14:48:22.015154,73,group_2,2025-12-18 13:05:00-05:00,18,unexplained,up,0.3841,hold,3,13.024,group_2,completed,True,0,0.6666666666666666,0.28256666666666663,2.5667938092601843
2026-08-11 14:48:29.965484,73,group_2,2026-02-17 13:05:00-05:00,19,unexplained,up,0.3797,buy,3,7.582,group_2,completed,True,1,0.6666666666666666,0.28696666666666665,2.025777017094143
2026-08-11 15:03:11.779430,87,group_2,2022-09-27 11:00:00-04:00,0,explained,up,0.9032,buy,5,23.346,group_2,completed,True,1,1.3333333333333333,0.43013333333333326,3.1504256632304717
2026-08-11 15:03:26.167916,87,group_2,2022-11-14 12:55:00-05:00,1,explained,down,0.4507,sell,3,13.888,group_2,completed,True,1,0.6666666666666666,0.21596666666666664,2.6310251579179944
2026-08-11 15:03:37.653175,87,group_2,2023-04-20 09:50:00-04:00,2,explained,flat,0.4116,hold,3,11.061,group_2,completed,True,1,0.6666666666666666,0.2550666666666666,2.403425407920117
2026-08-11 15:04:00.362821,87,group_2,2023-12-01 14:55:00-05:00,3,explained,down,0.6042,sell,5,22.316,group_2,completed,True,1,1.3333333333333333,0.7291333333333333,3.1053039099832818
2026-08-11 15:04:09.697637,87,group_2,2024-04-26 11:30:00-04:00,4,explained,flat,0.4042,hold,4,8.767,group_2,completed,True,1,1.0,0.5958,2.1709946726064486
2026-08-11 15:04:17.840816,87,group_2,2024-09-26 09:40:00-04:00,5,explained,down,0.7008,sell,3,7.754,group_2,completed,True,1,0.6666666666666666,0.03413333333333335,2.0482088392487374
2026-08-11 15:04:26.160124,87,group_2,2025-05-21 14:40:00-04:00,6,explained,up,0.3529,buy,3,7.731,group_2,completed,True,1,0.6666666666666666,0.31376666666666664,2.0452382203383377
2026-08-11 15:05:08.022276,87,group_2,2025-12-12 11:50:00-05:00,7,explained,down,0.4241,sell,4,41.433,group_2,completed,True,1,1.0,0.5759000000000001,3.724077664763901
2026-08-11 15:05:15.474017,87,group_2,2025-12-22 11:45:00-05:00,8,explained,flat,0.8806,hold,3,6.748,group_2,completed,True,1,0.6666666666666666,0.21393333333333342,1.909246164683722
2026-08-11 15:05:22.985257,87,group_2,2026-06-24 14:40:00-04:00,9,explained,down,0.6079,sell,3,7.08,group_2,completed,True,1,0.6666666666666666,0.058766666666666634,1.9572739077056285
2026-08-11 15:05:30.600793,87,group_2,2022-09-06 11:45:00-04:00,10,unexplained,up,0.818,buy,3,7.031,group_2,completed,True,1,0.6666666666666666,0.15133333333333332,1.9503289432170243
2026-08-11 15:05:55.237063,87,group_2,2022-11-07 13:25:00-05:00,11,unexplained,up,0.4333,buy,3,24.23,group_2,completed,True,1,0.6666666666666666,0.2333666666666666,3.1875915348284343
2026-08-11 15:06:07.512593,87,group_2,2023-03-20 09:30:00-04:00,12,unexplained,up,0.5718,buy,4,11.8,group_2,completed,True,1,1.0,0.4282,2.468099531471619
2026-08-11 15:06:15.916756,87,group_2,2023-10-20 14:40:00-04:00,13,unexplained,flat,0.3523,sell,3,7.943,group_2,completed,True,0,0.6666666666666666,0.3143666666666666,2.072291037650995
2026-08-11 15:07:00.953044,87,group_2,2023-12-26 13:45:00-05:00,14,unexplained,flat,0.8882,hold,3,44.585,group_2,completed,True,1,0.6666666666666666,0.22153333333333336,3.797397479586843
2026-08-11 15:07:06.019592,87,group_2,2024-07-08 11:20:00-04:00,15,unexplained,flat,0.8107,hold,3,4.691,group_2,completed,True,1,0.6666666666666666,0.14403333333333335,1.545645779346321
2026-08-11 15:07:13.107238,87,group_2,2025-03-28 12:45:00-04:00,16,unexplained,down,0.4593,sell,5,6.72,group_2,completed,True,1,1.3333333333333333,0.8740333333333332,1.9050881545350582
2026-08-11 15:07:23.834902,87,group_2,2025-07-18 10:35:00-04:00,17,unexplained,flat,0.7856,sell,3,10.333,group_2,completed,True,0,0.6666666666666666,0.11893333333333334,2.335342657232218
2026-08-11 15:08:09.420636,87,group_2,2025-12-18 13:05:00-05:00,18,unexplained,up,0.3841,buy,3,45.16,group_2,completed,True,1,0.6666666666666666,0.28256666666666663,3.810211739281461
2026-08-11 15:08:17.772137,87,group_2,2026-02-17 13:05:00-05:00,19,unexplained,up,0.3797,buy,4,7.955,group_2,completed,True,1,1.0,0.6203000000000001,2.0738006617897504
2026-08-11 15:32:41.920889,34,group_2,2022-09-27 11:00:00-04:00,0,explained,up,0.9032,buy,3,23.699,group_2,completed,True,1,0.6666666666666666,0.23653333333333337,3.165432853158063
2026-08-11 15:33:03.084482,34,group_2,2022-11-14 12:55:00-05:00,1,explained,down,0.4507,hold,4,20.723,group_2,completed,True,0,1.0,0.5493,3.0312441945553505
2026-08-11 15:33:18.674584,34,group_2,2023-04-20 09:50:00-04:00,2,explained,flat,0.4116,hold,5,15.237,group_2,completed,True,1,1.3333333333333333,0.9217333333333333,2.7237266804872178
2026-08-11 15:33:39.204548,34,group_2,2023-12-01 14:55:00-05:00,3,explained,down,0.6042,sell,4,20.118,group_2,completed,True,1,1.0,0.39580000000000004,3.0016149367121465
2026-08-11 15:34:00.292117,34,group_2,2024-04-26 11:30:00-04:00,4,explained,flat,0.4042,hold,3,20.658,group_2,completed,True,1,0.6666666666666666,0.2624666666666666,3.0281026535844418
2026-08-11 15:34:13.473022,34,group_2,2024-09-26 09:40:00-04:00,5,explained,down,0.7008,sell,5,12.807,group_2,completed,True,1,1.3333333333333333,0.6325333333333333,2.5499918964439345
2026-08-11 15:34:22.566762,34,group_2,2025-05-21 14:40:00-04:00,6,explained,up,0.3529,buy,4,8.539,group_2,completed,True,1,1.0,0.6471,2.144643904925469
2026-08-11 15:34:34.418487,34,group_2,2025-12-12 11:50:00-05:00,7,explained,down,0.4241,buy,2,11.451,group_2,completed,True,0,0.3333333333333333,0.09076666666666666,2.4380770624312023
2026-08-11 15:34:44.919004,34,group_2,2025-12-22 11:45:00-05:00,8,explained,flat,0.8806,sell,3,10.074,group_2,completed,True,0,0.6666666666666666,0.21393333333333342,2.3099578473234588
2026-08-11 15:34:57.137809,34,group_2,2026-06-24 14:40:00-04:00,9,explained,down,0.6079,sell,3,11.748,group_2,completed,True,1,0.6666666666666666,0.058766666666666634,2.4636830133363734
2026-08-11 15:35:05.179191,34,group_2,2022-09-06 11:45:00-04:00,10,unexplained,up,0.818,buy,4,7.658,group_2,completed,True,1,1.0,0.18200000000000005,2.0357508530551027
2026-08-11 15:35:18.461667,34,group_2,2022-11-07 13:25:00-05:00,11,unexplained,up,0.4333,buy,3,12.876,group_2,completed,True,1,0.6666666666666666,0.2333666666666666,2.5553651134365616
2026-08-11 15:35:26.314680,34,group_2,2023-03-20 09:30:00-04:00,12,unexplained,up,0.5718,hold,3,7.436,group_2,completed,True,0,0.6666666666666666,0.09486666666666665,2.0063330698591977
2026-08-11 15:35:34.424086,34,group_2,2023-10-20 14:40:00-04:00,13,unexplained,flat,0.3523,hold,2,7.709,group_2,completed,True,1,0.3333333333333333,0.018966666666666687,2.0423884774771253
2026-08-11 15:35:49.362215,34,group_2,2023-12-26 13:45:00-05:00,14,unexplained,flat,0.8882,hold,4,14.556,group_2,completed,True,1,1.0,0.11180000000000001,2.6780032797499134
2026-08-11 15:35:57.223902,34,group_2,2024-07-08 11:20:00-04:00,15,unexplained,flat,0.8107,sell,3,7.494,group_2,completed,True,0,0.6666666666666666,0.14403333333333335,2.0141027003714957
2026-08-11 15:36:06.257212,34,group_2,2025-03-28 12:45:00-04:00,16,unexplained,down,0.4593,hold,4,8.616,group_2,completed,True,0,1.0,0.5407,2.1536209398540875
2026-08-11 15:36:15.042470,34,group_2,2025-07-18 10:35:00-04:00,17,unexplained,flat,0.7856,hold,3,8.402,group_2,completed,True,1,0.6666666666666666,0.11893333333333334,2.12846977274719
2026-08-11 15:36:23.785504,34,group_2,2025-12-18 13:05:00-05:00,18,unexplained,up,0.3841,sell,4,8.268,group_2,completed,True,0,1.0,0.6159,2.112392641819522
2026-08-11 15:36:31.336015,34,group_2,2026-02-17 13:05:00-05:00,19,unexplained,up,0.3797,buy,3,7.163,group_2,completed,True,1,0.6666666666666666,0.28696666666666665,1.968928887632314
2026-08-11 16:25:35.071036,65,group_1,2022-09-06 11:45:00-04:00,0,explained,up,0.818,hold,3,77.72,group_1,completed,True,0,0.6666666666666666,0.15133333333333332,4.353112624509239
2026-08-11 16:25:55.491461,65,group_1,2022-11-07 13:25:00-05:00,1,explained,up,0.4333,sell,3,20.126,group_1,completed,True,0,0.6666666666666666,0.2333666666666666,3.0020125115111416
2026-08-11 16:26:05.513647,65,group_1,2023-03-20 09:30:00-04:00,2,explained,up,0.5718,hold,3,9.73,group_1,completed,True,0,0.6666666666666666,0.09486666666666665,2.2752138961979136
2026-08-11 16:26:14.068989,65,group_1,2023-10-20 14:40:00-04:00,3,explained,flat,0.3523,buy,3,8.308,group_1,completed,True,0,0.6666666666666666,0.3143666666666666,2.117218906013866
2026-08-11 16:26:40.703110,65,group_1,2023-12-26 13:45:00-05:00,4,explained,flat,0.8882,buy,3,26.355,group_1,completed,True,0,0.6666666666666666,0.22153333333333336,3.27165801030717
2026-08-11 16:26:50.367111,65,group_1,2024-07-08 11:20:00-04:00,5,explained,flat,0.8107,hold,3,9.359,group_1,completed,True,1,0.6666666666666666,0.14403333333333335,2.2363384471751195
2026-08-11 16:26:53.356833,65,group_1,2025-03-28 12:45:00-04:00,6,explained,down,0.4593,hold,3,2.723,group_1,completed,True,0,0.6666666666666666,0.20736666666666664,1.0017342136916225
2026-08-11 16:26:58.661287,65,group_1,2025-07-18 10:35:00-04:00,7,explained,flat,0.7856,hold,3,5.039,group_1,completed,True,1,0.6666666666666666,0.11893333333333334,1.6172076496984609
2026-08-11 16:27:05.031818,65,group_1,2025-12-18 13:05:00-05:00,8,explained,up,0.3841,buy,4,6.091,group_1,completed,True,1,1.0,0.6159,1.8068122718543476
2026-08-11 16:27:24.162440,65,group_1,2026-02-17 13:05:00-05:00,9,explained,up,0.3797,sell,3,18.866,group_1,completed,True,0,0.6666666666666666,0.28696666666666665,2.9373613602276616
2026-08-11 16:27:28.148033,65,group_1,2022-09-27 11:00:00-04:00,10,unexplained,up,0.9032,hold,3,3.698,group_1,completed,True,0,0.6666666666666666,0.23653333333333337,1.3077921329649331
2026-08-11 16:27:47.586994,65,group_1,2022-11-14 12:55:00-05:00,11,unexplained,down,0.4507,sell,3,19.153,group_1,completed,True,1,0.6666666666666666,0.21596666666666664,2.952459361320524
2026-08-11 16:27:51.533481,65,group_1,2023-04-20 09:50:00-04:00,12,unexplained,flat,0.4116,buy,3,3.629,group_1,completed,True,0,0.6666666666666666,0.2550666666666666,1.2889571282309333
2026-08-11 16:28:03.972110,65,group_1,2023-12-01 14:55:00-05:00,13,unexplained,down,0.6042,buy,3,12.136,group_1,completed,True,0,0.6666666666666666,0.06246666666666667,2.4961762420462312
2026-08-11 16:28:10.526496,65,group_1,2024-04-26 11:30:00-04:00,14,unexplained,flat,0.4042,hold,3,6.298,group_1,completed,True,1,0.6666666666666666,0.2624666666666666,1.840232122678833
2026-08-11 16:28:15.985288,65,group_1,2024-09-26 09:40:00-04:00,15,unexplained,down,0.7008,hold,3,5.116,group_1,completed,True,0,0.6666666666666666,0.03413333333333335,1.6323728837165963
2026-08-11 16:28:22.988484,65,group_1,2025-05-21 14:40:00-04:00,16,unexplained,up,0.3529,hold,3,6.588,group_1,completed,True,0,0.6666666666666666,0.31376666666666664,1.8852498123153938
2026-08-11 16:28:30.016247,65,group_1,2025-12-12 11:50:00-05:00,17,unexplained,down,0.4241,hold,3,6.742,group_1,completed,True,0,0.6666666666666666,0.24256666666666665,1.908356616811869
2026-08-11 16:28:38.478430,65,group_1,2025-12-22 11:45:00-05:00,18,unexplained,flat,0.8806,sell,3,8.206,group_1,completed,True,0,0.6666666666666666,0.21393333333333342,2.1048655940199943
2026-08-11 16:28:56.662671,65,group_1,2026-06-24 14:40:00-04:00,19,unexplained,down,0.6079,buy,3,17.91,group_1,completed,True,0,0.6666666666666666,0.058766666666666634,2.8853592160726205
2026-08-11 17:04:42.734793,90,group_2,2022-09-27 11:00:00-04:00,0,explained,up,0.9032,buy,4,45.962,group_2,completed,True,1,1.0,0.0968,3.8278149681347142
2026-08-11 17:05:16.649632,90,group_2,2022-11-14 12:55:00-05:00,1,explained,down,0.4507,sell,2,33.602,group_2,completed,True,1,0.3333333333333333,0.11736666666666667,3.5145855890072104
2026-08-11 17:05:46.769302,90,group_2,2023-04-20 09:50:00-04:00,2,explained,flat,0.4116,hold,3,29.82,group_2,completed,True,1,0.6666666666666666,0.2550666666666666,3.3951793093365925
2026-08-11 17:06:28.602607,90,group_2,2023-12-01 14:55:00-05:00,3,explained,down,0.6042,sell,2,41.522,group_2,completed,True,1,0.3333333333333333,0.27086666666666664,3.7262234072543574
2026-08-11 17:07:16.517476,90,group_2,2024-04-26 11:30:00-04:00,4,explained,flat,0.4042,hold,4,47.411,group_2,completed,True,1,1.0,0.5958,3.85885426928808
2026-08-11 17:07:40.060671,90,group_2,2024-09-26 09:40:00-04:00,5,explained,down,0.7008,sell,3,23.202,group_2,completed,True,1,0.6666666666666666,0.03413333333333335,3.144238481853215
2026-08-11 17:07:53.218341,90,group_2,2025-05-21 14:40:00-04:00,6,explained,up,0.3529,buy,5,12.438,group_2,completed,True,1,1.3333333333333333,0.9804333333333333,2.5207563026816975
2026-08-11 17:08:49.664153,90,group_2,2025-12-12 11:50:00-05:00,7,explained,down,0.4241,sell,4,56.113,group_2,completed,True,1,1.0,0.5759000000000001,4.027367514738879
2026-08-11 17:09:01.358065,90,group_2,2025-12-22 11:45:00-05:00,8,explained,flat,0.8806,hold,4,11.372,group_2,completed,True,1,1.0,0.11939999999999995,2.4311541937887533
2026-08-11 17:09:08.661656,90,group_2,2026-06-24 14:40:00-04:00,9,explained,down,0.6079,sell,5,7.033,group_2,completed,True,1,1.3333333333333333,0.7254333333333333,1.9506133573258813
2026-08-11 17:09:58.329622,90,group_2,2022-09-06 11:45:00-04:00,10,unexplained,up,0.818,buy,2,49.31,group_2,completed,True,1,0.3333333333333333,0.48466666666666663,3.8981269002360346
2026-08-11 17:10:07.516115,90,group_2,2022-11-07 13:25:00-05:00,11,unexplained,up,0.4333,buy,3,8.746,group_2,completed,True,1,0.6666666666666666,0.2333666666666666,2.168596452990729
2026-08-11 17:10:17.539609,90,group_2,2023-03-20 09:30:00-04:00,12,unexplained,up,0.5718,buy,1,9.54,group_2,completed,True,1,0.0,0.5718,2.255493485460195
2026-08-11 17:10:26.096311,90,group_2,2023-10-20 14:40:00-04:00,13,unexplained,flat,0.3523,hold,3,8.272,group_2,completed,True,1,0.6666666666666666,0.3143666666666666,2.1128763177660734
2026-08-11 17:10:35.663419,90,group_2,2023-12-26 13:45:00-05:00,14,unexplained,flat,0.8882,hold,2,9.271,group_2,completed,True,1,0.3333333333333333,0.5548666666666666,2.2268912486248453
2026-08-11 17:10:43.759002,90,group_2,2024-07-08 11:20:00-04:00,15,unexplained,flat,0.8107,hold,4,7.817,group_2,completed,True,1,1.0,0.18930000000000002,2.0563008492381933
2026-08-11 17:10:51.149966,90,group_2,2025-03-28 12:45:00-04:00,16,unexplained,down,0.4593,sell,2,7.1,group_2,completed,True,1,0.3333333333333333,0.12596666666666667,1.9600947840472698
2026-08-11 17:10:58.583483,90,group_2,2025-07-18 10:35:00-04:00,17,unexplained,flat,0.7856,hold,3,7.006,group_2,completed,True,1,0.6666666666666666,0.11893333333333334,1.946766924775295
2026-08-11 17:11:15.992251,90,group_2,2025-12-18 13:05:00-05:00,18,unexplained,up,0.3841,buy,4,17.009,group_2,completed,True,1,1.0,0.6159,2.8337426157319547
2026-08-11 17:11:27.929165,90,group_2,2026-02-17 13:05:00-05:00,19,unexplained,up,0.3797,buy,3,11.572,group_2,completed,True,1,0.6666666666666666,0.28696666666666665,2.4485883871138885
2026-08-11 17:40:47.101013,88,group_1,2022-09-06 11:45:00-04:00,0,explained,up,0.818,hold,5,51.512,group_1,completed,True,0,1.3333333333333333,0.5153333333333333,3.9418147902358824
2026-08-11 17:40:59.386556,88,group_1,2022-11-07 13:25:00-05:00,1,explained,up,0.4333,sell,5,11.903,group_1,completed,True,0,1.3333333333333333,0.9000333333333332,2.476790469185743
2026-08-11 17:41:08.133129,88,group_1,2023-03-20 09:30:00-04:00,2,explained,up,0.5718,buy,5,8.447,group_1,completed,True,1,1.3333333333333333,0.7615333333333333,2.1338113487453594
2026-08-11 17:41:13.747888,88,group_1,2023-10-20 14:40:00-04:00,3,explained,flat,0.3523,hold,5,5.294,group_1,completed,True,1,1.3333333333333333,0.9810333333333332,1.6665741038049096
2026-08-11 17:41:19.138772,88,group_1,2023-12-26 13:45:00-05:00,4,explained,flat,0.8882,hold,5,5.129,group_1,completed,True,1,1.3333333333333333,0.44513333333333327,1.6349107084071313
2026-08-11 17:41:25.533720,88,group_1,2024-07-08 11:20:00-04:00,5,explained,flat,0.8107,hold,5,6.078,group_1,completed,True,1,1.3333333333333333,0.5226333333333333,1.8046756944946014
2026-08-11 17:41:32.549782,88,group_1,2025-03-28 12:45:00-04:00,6,explained,down,0.4593,buy,5,6.751,group_1,completed,True,0,1.3333333333333333,0.8740333333333332,1.9096906420597335
2026-08-11 17:41:41.704117,88,group_1,2025-07-18 10:35:00-04:00,7,explained,flat,0.7856,sell,5,8.871,group_1,completed,True,0,1.3333333333333333,0.5477333333333333,2.18278752953845
2026-08-11 17:41:52.536930,88,group_1,2025-12-18 13:05:00-05:00,8,explained,up,0.3841,buy,5,10.538,group_1,completed,True,1,1.3333333333333333,0.9492333333333333,2.354987771787094
2026-08-11 17:41:57.630486,88,group_1,2026-02-17 13:05:00-05:00,9,explained,up,0.3797,hold,5,4.846,group_1,completed,True,0,1.3333333333333333,0.9536333333333333,1.578153622394334
2026-08-11 17:42:07.897760,88,group_1,2022-09-27 11:00:00-04:00,10,unexplained,up,0.9032,sell,5,9.972,group_1,completed,True,0,1.3333333333333333,0.43013333333333326,2.299781165661311
2026-08-11 17:42:14.232608,88,group_1,2022-11-14 12:55:00-05:00,11,unexplained,down,0.4507,hold,5,6.03,group_1,completed,True,0,1.3333333333333333,0.8826333333333333,1.7967470107390942
2026-08-11 17:42:20.029848,88,group_1,2023-04-20 09:50:00-04:00,12,unexplained,flat,0.4116,buy,5,5.529,group_1,completed,True,0,1.3333333333333333,0.9217333333333333,1.7100069673557958
2026-08-11 17:42:25.599479,88,group_1,2023-12-01 14:55:00-05:00,13,unexplained,down,0.6042,buy,5,5.28,group_1,completed,True,0,1.3333333333333333,0.7291333333333333,1.6639260977181702
2026-08-11 17:42:29.468834,88,group_1,2024-04-26 11:30:00-04:00,14,unexplained,flat,0.4042,hold,5,3.595,group_1,completed,True,1,1.3333333333333333,0.9291333333333333,1.27954399117301
2026-08-11 17:42:34.398236,88,group_1,2024-09-26 09:40:00-04:00,15,unexplained,down,0.7008,sell,5,4.637,group_1,completed,True,1,1.3333333333333333,0.6325333333333333,1.5340676054093236
2026-08-11 17:42:40.739593,88,group_1,2025-05-21 14:40:00-04:00,16,unexplained,up,0.3529,hold,5,6.063,group_1,completed,True,0,1.3333333333333333,0.9804333333333333,1.8022047270895936
2026-08-11 17:42:47.437505,88,group_1,2025-12-12 11:50:00-05:00,17,unexplained,down,0.4241,sell,5,6.381,group_1,completed,True,1,1.3333333333333333,0.9092333333333333,1.85332482488621
2026-08-11 17:42:52.472312,88,group_1,2025-12-22 11:45:00-05:00,18,unexplained,flat,0.8806,hold,5,4.454,group_1,completed,True,1,1.3333333333333333,0.4527333333333332,1.493802568835176
2026-08-11 17:42:55.807260,95,group_2,2022-09-27 11:00:00-04:00,0,explained,up,0.9032,buy,2,53.841,group_2,completed,True,1,0.3333333333333333,0.5698666666666667,3.986035258715249
2026-08-11 17:42:57.846372,88,group_1,2026-06-24 14:40:00-04:00,19,unexplained,down,0.6079,sell,5,5.084,group_1,completed,True,1,1.3333333333333333,0.7254333333333333,1.6260983533272075
2026-08-11 17:43:15.883946,95,group_2,2022-11-14 12:55:00-05:00,1,explained,down,0.4507,hold,3,19.742,group_2,completed,True,0,0.6666666666666666,0.21596666666666664,2.9827483459956965
2026-08-11 17:43:33.183768,95,group_2,2023-04-20 09:50:00-04:00,2,explained,flat,0.4116,sell,3,17.014,group_2,completed,True,0,0.6666666666666666,0.2550666666666666,2.8340365345536926
2026-08-11 17:43:46.831563,95,group_2,2023-12-01 14:55:00-05:00,3,explained,down,0.6042,hold,2,13.343,group_2,completed,True,0,0.3333333333333333,0.27086666666666664,2.5909919027602837
2026-08-11 17:44:00.227515,95,group_2,2024-04-26 11:30:00-04:00,4,explained,flat,0.4042,buy,3,13.1,group_2,completed,True,0,0.6666666666666666,0.2624666666666666,2.5726122302071057
2026-08-11 17:44:12.120364,95,group_2,2024-09-26 09:40:00-04:00,5,explained,down,0.7008,sell,4,11.587,group_2,completed,True,1,1.0,0.2992,2.4498837800149253
2026-08-11 17:44:31.853713,95,group_2,2025-05-21 14:40:00-04:00,6,explained,up,0.3529,hold,3,19.089,group_2,completed,True,0,0.6666666666666666,0.31376666666666664,2.9491122529187646
2026-08-11 17:44:44.688930,95,group_2,2025-12-12 11:50:00-05:00,7,explained,down,0.4241,sell,3,12.556,group_2,completed,True,1,0.6666666666666666,0.24256666666666665,2.530198638979707
2026-08-11 17:44:58.821333,95,group_2,2025-12-22 11:45:00-05:00,8,explained,flat,0.8806,buy,3,13.77,group_2,completed,True,0,0.6666666666666666,0.21393333333333342,2.6224923127405635
2026-08-11 17:45:05.334840,95,group_2,2026-06-24 14:40:00-04:00,9,explained,down,0.6079,sell,3,6.22,group_2,completed,True,1,0.6666666666666666,0.058766666666666634,1.827769906751088
2026-08-11 17:45:15.443400,95,group_2,2022-09-06 11:45:00-04:00,10,unexplained,up,0.818,buy,3,9.739,group_2,completed,True,1,0.6666666666666666,0.15133333333333332,2.2761384429790623
2026-08-11 17:45:26.960216,95,group_2,2022-11-07 13:25:00-05:00,11,unexplained,up,0.4333,sell,3,11.22,group_2,completed,True,0,0.6666666666666666,0.2333666666666666,2.4176979000945504
2026-08-11 17:45:35.875214,95,group_2,2023-03-20 09:30:00-04:00,12,unexplained,up,0.5718,hold,4,8.631,group_2,completed,True,0,1.0,0.4282,2.1553603732375204
2026-08-11 17:45:45.360532,95,group_2,2023-10-20 14:40:00-04:00,13,unexplained,flat,0.3523,sell,4,9.18,group_2,completed,True,0,1.0,0.6476999999999999,2.217027204632399
2026-08-11 17:45:54.728370,95,group_2,2023-12-26 13:45:00-05:00,14,unexplained,flat,0.8882,buy,3,9.077,group_2,completed,True,0,0.6666666666666666,0.22153333333333336,2.2057437415444903
2026-08-11 17:46:02.380566,95,group_2,2024-07-08 11:20:00-04:00,15,unexplained,flat,0.8107,hold,4,7.372,group_2,completed,True,1,1.0,0.18930000000000002,1.9976890398075768
2026-08-11 17:46:09.332183,95,group_2,2025-03-28 12:45:00-04:00,16,unexplained,down,0.4593,sell,4,6.66,group_2,completed,True,1,1.0,0.5407,1.8961194845522977
2026-08-11 17:46:15.109664,95,group_2,2025-07-18 10:35:00-04:00,17,unexplained,flat,0.7856,sell,4,5.474,group_2,completed,True,0,1.0,0.21440000000000003,1.7000096106184874
2026-08-11 17:46:24.618345,95,group_2,2025-12-18 13:05:00-05:00,18,unexplained,up,0.3841,sell,3,9.222,group_2,completed,True,0,0.6666666666666666,0.28256666666666663,2.221591933784514
2026-08-11 17:46:31.293513,95,group_2,2026-02-17 13:05:00-05:00,19,unexplained,up,0.3797,sell,3,6.289,group_2,completed,True,0,0.6666666666666666,0.28696666666666665,1.8388020755613663
2026-08-11 17:48:30.123839,98,group_1,2022-09-06 11:45:00-04:00,0,explained,up,0.818,hold,4,22.371,group_1,completed,True,0,1.0,0.18200000000000005,3.1077654772297674
2026-08-11 17:49:14.143122,98,group_1,2022-11-07 13:25:00-05:00,1,explained,up,0.4333,hold,3,43.704,group_1,completed,True,0,0.6666666666666666,0.2333666666666666,3.7774396310934164
2026-08-11 17:49:30.568614,98,group_1,2023-03-20 09:30:00-04:00,2,explained,up,0.5718,hold,4,16.09,group_1,completed,True,0,1.0,0.4282,2.7781979610042917
2026-08-11 17:49:50.979670,98,group_1,2023-10-20 14:40:00-04:00,3,explained,flat,0.3523,sell,3,20.064,group_1,completed,True,0,0.6666666666666666,0.3143666666666666,2.99892716445051
2026-08-11 17:50:08.241138,98,group_1,2023-12-26 13:45:00-05:00,4,explained,flat,0.8882,buy,5,16.891,group_1,completed,True,0,1.3333333333333333,0.44513333333333327,2.826780935698208
2026-08-11 17:50:24.285339,98,group_1,2024-07-08 11:20:00-04:00,5,explained,flat,0.8107,buy,4,15.752,group_1,completed,True,0,1.0,0.18930000000000002,2.7569673413368245
2026-08-11 17:50:33.090963,98,group_1,2025-03-28 12:45:00-04:00,6,explained,down,0.4593,sell,5,8.544,group_1,completed,True,1,1.3333333333333333,0.8740333333333332,2.145229282217839
2026-08-11 17:50:41.960447,98,group_1,2025-07-18 10:35:00-04:00,7,explained,flat,0.7856,buy,3,8.618,group_1,completed,True,0,0.6666666666666666,0.11893333333333334,2.1538530391936463
2026-08-11 17:50:53.575524,98,group_1,2025-12-18 13:05:00-05:00,8,explained,up,0.3841,buy,3,11.32,group_1,completed,True,1,0.6666666666666666,0.28256666666666663,2.4265710727750367
2026-08-11 17:51:22.194648,98,group_1,2026-02-17 13:05:00-05:00,9,explained,up,0.3797,hold,4,28.317,group_1,completed,True,0,1.0,0.6203000000000001,3.343462331010917
2026-08-11 17:51:28.498074,98,group_1,2022-09-27 11:00:00-04:00,10,unexplained,up,0.9032,buy,3,6.018,group_1,completed,True,1,0.6666666666666666,0.23653333333333337,1.7947549782078533
2026-08-11 17:51:34.292000,98,group_1,2022-11-14 12:55:00-05:00,11,unexplained,down,0.4507,sell,4,5.482,group_1,completed,True,1,1.0,0.5493,1.701469997880594
2026-08-11 17:51:38.972993,98,group_1,2023-04-20 09:50:00-04:00,12,unexplained,flat,0.4116,hold,3,4.373,group_1,completed,True,1,0.6666666666666666,0.2550666666666666,1.4754492724307835
2026-08-11 17:51:43.654266,98,group_1,2023-12-01 14:55:00-05:00,13,unexplained,down,0.6042,sell,3,4.387,group_1,completed,True,1,0.6666666666666666,0.06246666666666667,1.478645622184077
2026-08-11 17:51:48.068405,98,group_1,2024-04-26 11:30:00-04:00,14,unexplained,flat,0.4042,hold,3,4.159,group_1,completed,True,1,0.6666666666666666,0.2624666666666666,1.4252746607607745
2026-08-11 17:51:53.764500,98,group_1,2024-09-26 09:40:00-04:00,15,unexplained,down,0.7008,sell,3,5.419,group_1,completed,True,1,0.6666666666666666,0.03413333333333335,1.689911296583977
2026-08-11 17:52:02.708464,98,group_1,2025-05-21 14:40:00-04:00,16,unexplained,up,0.3529,hold,3,8.495,group_1,completed,True,0,0.6666666666666666,0.31376666666666664,2.1394777551238953
2026-08-11 17:52:11.046273,98,group_1,2025-12-12 11:50:00-05:00,17,unexplained,down,0.4241,sell,3,5.034,group_1,completed,True,1,0.6666666666666666,0.24256666666666665,1.616214896713124
2026-08-11 17:52:17.104328,98,group_1,2025-12-22 11:45:00-05:00,18,unexplained,flat,0.8806,sell,3,5.728,group_1,completed,True,0,0.6666666666666666,0.21393333333333342,1.7453664296583444
2026-08-11 17:52:29.533784,98,group_1,2026-06-24 14:40:00-04:00,19,unexplained,down,0.6079,sell,3,12.117,group_1,completed,True,1,0.6666666666666666,0.058766666666666634,2.4946094252493856
2026-08-11 19:56:17.400055,81,group_1,2022-09-06 11:45:00-04:00,0,explained,up,0.818,buy,3,33.944,group_1,completed,True,1,0.6666666666666666,0.15133333333333332,3.5247121079000236
2026-08-11 19:56:28.401975,81,group_1,2022-11-07 13:25:00-05:00,1,explained,up,0.4333,buy,3,10.724,group_1,completed,True,1,0.6666666666666666,0.2333666666666666,2.372484220373713
2026-08-11 19:56:42.052536,81,group_1,2023-03-20 09:30:00-04:00,2,explained,up,0.5718,sell,3,13.352,group_1,completed,True,0,0.6666666666666666,0.09486666666666665,2.591666186359534
2026-08-11 19:56:56.871063,81,group_1,2023-10-20 14:40:00-04:00,3,explained,flat,0.3523,sell,3,14.507,group_1,completed,True,0,0.6666666666666666,0.3143666666666666,2.674631291556765
2026-08-11 19:57:10.636934,81,group_1,2023-12-26 13:45:00-05:00,4,explained,flat,0.8882,buy,5,13.475,group_1,completed,True,0,1.3333333333333333,0.44513333333333327,2.600836116795061
2026-08-11 19:57:17.954254,81,group_1,2024-07-08 11:20:00-04:00,5,explained,flat,0.8107,hold,3,7.008,group_1,completed,True,1,0.6666666666666666,0.14403333333333335,1.9470523536340902
2026-08-11 19:57:29.253026,81,group_1,2025-03-28 12:45:00-04:00,6,explained,down,0.4593,sell,5,8.949,group_1,completed,True,1,1.3333333333333333,0.8740333333333332,2.191541794200721
2026-08-11 19:57:38.999955,81,group_1,2025-07-18 10:35:00-04:00,7,explained,flat,0.7856,sell,5,9.451,group_1,completed,True,0,1.3333333333333333,0.5477333333333333,2.246120556012919
2026-08-11 19:57:51.665041,81,group_1,2025-12-18 13:05:00-05:00,8,explained,up,0.3841,hold,5,12.348,group_1,completed,True,0,1.3333333333333333,0.9492333333333333,2.513494106639913
2026-08-11 19:58:02.186271,81,group_1,2026-02-17 13:05:00-05:00,9,explained,up,0.3797,hold,5,10.169,group_1,completed,True,0,1.3333333333333333,0.9536333333333333,2.3193438768090004
2026-08-11 19:58:14.422807,81,group_1,2022-09-27 11:00:00-04:00,10,unexplained,up,0.9032,hold,5,11.929,group_1,completed,True,0,1.3333333333333333,0.43013333333333326,2.478972410299809
2026-08-11 19:58:27.438795,81,group_1,2022-11-14 12:55:00-05:00,11,unexplained,down,0.4507,buy,5,12.71,group_1,completed,True,0,1.3333333333333333,0.8826333333333333,2.542389085201363
2026-08-11 19:58:35.151814,81,group_1,2023-04-20 09:50:00-04:00,12,unexplained,flat,0.4116,hold,4,5.211,group_1,completed,True,1,1.0,0.5884,1.6507717759270777
2026-08-11 19:58:46.722673,81,group_1,2023-12-01 14:55:00-05:00,13,unexplained,down,0.6042,buy,2,11.301,group_1,completed,True,0,0.3333333333333333,0.27086666666666664,2.424891217378014
2026-08-11 19:58:59.768786,81,group_1,2024-04-26 11:30:00-04:00,14,unexplained,flat,0.4042,buy,3,12.754,group_1,completed,True,0,0.6666666666666666,0.2624666666666666,2.54584494789308
2026-08-11 19:59:05.511276,81,group_1,2024-09-26 09:40:00-04:00,15,unexplained,down,0.7008,hold,1,5.477,group_1,completed,True,0,0.0,0.7008,1.7005575058015843
2026-08-11 19:59:15.675967,81,group_1,2025-05-21 14:40:00-04:00,16,unexplained,up,0.3529,sell,5,9.869,group_1,completed,True,0,1.3333333333333333,0.9804333333333333,2.28939853118987
2026-08-11 19:59:23.482416,81,group_1,2025-12-12 11:50:00-05:00,17,unexplained,down,0.4241,sell,4,7.522,group_1,completed,True,1,1.0,0.5759000000000001,2.0178320600481445
2026-08-11 19:59:27.756552,81,group_1,2025-12-22 11:45:00-05:00,18,unexplained,flat,0.8806,hold,3,3.972,group_1,completed,True,1,0.6666666666666666,0.21393333333333342,1.3792697461829262
2026-08-11 19:59:34.707609,81,group_1,2026-06-24 14:40:00-04:00,19,unexplained,down,0.6079,sell,4,6.7,group_1,completed,True,1,1.0,0.3921,1.9021075263969205
2026-08-12 01:53:13.073106,71,group_1,2022-09-06 11:45:00-04:00,0,explained,up,0.818,hold,3,26.951,group_1,completed,True,0,0.6666666666666666,0.15133333333333332,3.2940204024179964
2026-08-12 01:53:26.599682,71,group_1,2022-11-07 13:25:00-05:00,1,explained,up,0.4333,sell,2,13.15,group_1,completed,True,0,0.3333333333333333,0.0999666666666667,2.5764217586237734
2026-08-12 01:53:48.703619,71,group_1,2023-03-20 09:30:00-04:00,2,explained,up,0.5718,buy,4,21.832,group_1,completed,True,1,1.0,0.4282,3.0833767834060373
2026-08-12 01:54:06.180358,71,group_1,2023-10-20 14:40:00-04:00,3,explained,flat,0.3523,buy,3,17.159,group_1,completed,True,0,0.6666666666666666,0.3143666666666666,2.8425228173034838
2026-08-12 01:54:15.821963,71,group_1,2023-12-26 13:45:00-05:00,4,explained,flat,0.8882,hold,5,9.344,group_1,completed,True,1,1.3333333333333333,0.44513333333333327,2.234734426085871
2026-08-12 01:54:28.438821,71,group_1,2024-07-08 11:20:00-04:00,5,explained,flat,0.8107,buy,2,12.326,group_1,completed,True,0,0.3333333333333333,0.47736666666666666,2.5117108525400513
2026-08-12 01:54:35.619539,71,group_1,2025-03-28 12:45:00-04:00,6,explained,down,0.4593,buy,5,6.933,group_1,completed,True,0,1.3333333333333333,0.8740333333333332,1.9362926199603534
2026-08-12 01:54:42.757040,71,group_1,2025-07-18 10:35:00-04:00,7,explained,flat,0.7856,sell,5,6.841,group_1,completed,True,0,1.3333333333333333,0.5477333333333333,1.922933919778861
2026-08-12 01:55:00.383441,71,group_1,2025-12-18 13:05:00-05:00,8,explained,up,0.3841,hold,3,17.259,group_1,completed,True,0,0.6666666666666666,0.28256666666666663,2.848333746549266
2026-08-12 01:55:09.064283,71,group_1,2026-02-17 13:05:00-05:00,9,explained,up,0.3797,sell,5,8.179,group_1,completed,True,0,1.3333333333333333,0.9536333333333333,2.101569893752837
2026-08-12 01:55:14.537301,71,group_1,2022-09-27 11:00:00-04:00,10,unexplained,up,0.9032,hold,5,5.18,group_1,completed,True,0,1.3333333333333333,0.43013333333333326,1.6448050562713916
2026-08-12 01:55:28.542623,71,group_1,2022-11-14 12:55:00-05:00,11,unexplained,down,0.4507,hold,5,13.725,group_1,completed,True,0,1.3333333333333333,0.8826333333333333,2.6192189873955942
2026-08-12 01:55:34.190645,71,group_1,2023-04-20 09:50:00-04:00,12,unexplained,flat,0.4116,sell,4,5.383,group_1,completed,True,0,1.0,0.5884,1.6832458395788201
2026-08-12 01:55:45.057655,71,group_1,2023-12-01 14:55:00-05:00,13,unexplained,down,0.6042,sell,3,10.534,group_1,completed,True,1,0.6666666666666666,0.06246666666666667,2.3546081210611978
2026-08-12 01:55:54.639665,71,group_1,2024-04-26 11:30:00-04:00,14,unexplained,flat,0.4042,hold,5,9.293,group_1,completed,True,1,1.3333333333333333,0.9291333333333333,2.229261428575202
2026-08-12 01:56:02.299071,71,group_1,2024-09-26 09:40:00-04:00,15,unexplained,down,0.7008,sell,5,7.381,group_1,completed,True,1,1.3333333333333333,0.6325333333333333,1.9989091307879152
2026-08-12 01:56:08.337516,71,group_1,2025-05-21 14:40:00-04:00,16,unexplained,up,0.3529,buy,5,5.762,group_1,completed,True,1,1.3333333333333333,0.9804333333333333,1.7512846366623367
2026-08-12 01:56:18.979752,71,group_1,2025-12-12 11:50:00-05:00,17,unexplained,down,0.4241,hold,2,10.362,group_1,completed,True,0,0.3333333333333333,0.09076666666666666,2.3381452683925965
2026-08-12 01:56:42.958524,71,group_1,2025-12-22 11:45:00-05:00,18,unexplained,flat,0.8806,buy,3,23.674,group_1,completed,True,0,0.6666666666666666,0.21393333333333342,3.164377399531702
2026-08-12 01:57:02.132075,71,group_1,2026-06-24 14:40:00-04:00,19,unexplained,down,0.6079,sell,4,18.858,group_1,completed,True,1,1.0,0.3921,2.9369372270434857
2026-08-12 09:56:56.253972,110,group_1,2022-09-06 11:45:00-04:00,0,explained,up,0.818,buy,3,62.461,group_1,completed,True,1,0.6666666666666666,0.15133333333333332,4.1345423619733275
2026-08-12 09:57:28.778129,110,group_1,2022-11-07 13:25:00-05:00,1,explained,up,0.4333,hold,3,31.862,group_1,completed,True,0,0.6666666666666666,0.2333666666666666,3.461414077150703
2026-08-12 09:58:15.897587,110,group_1,2023-03-20 09:30:00-04:00,2,explained,up,0.5718,buy,3,46.648,group_1,completed,True,1,0.6666666666666666,0.09486666666666665,3.842630053919855
2026-08-12 09:59:59.978374,110,group_1,2023-10-20 14:40:00-04:00,3,explained,flat,0.3523,hold,3,103.523,group_1,completed,True,1,0.6666666666666666,0.3143666666666666,4.639793810239945
2026-08-12 10:00:17.108121,110,group_1,2023-12-26 13:45:00-05:00,4,explained,flat,0.8882,hold,4,16.309,group_1,completed,True,1,1.0,0.11180000000000001,2.791717102674781
2026-08-12 10:00:51.089415,110,group_1,2024-07-08 11:20:00-04:00,5,explained,flat,0.8107,hold,4,33.35,group_1,completed,True,1,1.0,0.18930000000000002,3.507057772361633
2026-08-12 10:01:04.554740,110,group_1,2025-03-28 12:45:00-04:00,6,explained,down,0.4593,sell,3,12.772,group_1,completed,True,1,0.6666666666666666,0.20736666666666664,2.5472552748525357
2026-08-12 10:01:15.049356,110,group_1,2025-07-18 10:35:00-04:00,7,explained,flat,0.7856,hold,4,9.8,group_1,completed,True,1,1.0,0.21440000000000003,2.2823823856765264
2026-08-12 10:02:10.278482,110,group_1,2025-12-18 13:05:00-05:00,8,explained,up,0.3841,buy,2,54.798,group_1,completed,True,1,0.3333333333333333,0.05076666666666668,4.003653696937597
2026-08-12 10:02:20.168431,110,group_1,2026-02-17 13:05:00-05:00,9,explained,up,0.3797,hold,3,9.427,group_1,completed,True,0,0.6666666666666666,0.28696666666666665,2.2435779124140134
2026-08-12 10:04:19.837487,110,group_1,2022-09-27 11:00:00-04:00,10,unexplained,up,0.9032,buy,4,119.218,group_1,completed,True,1,1.0,0.0968,4.780953749942293
2026-08-12 10:04:29.022627,110,group_1,2022-11-14 12:55:00-05:00,11,unexplained,down,0.4507,sell,3,8.728,group_1,completed,True,1,0.6666666666666666,0.21596666666666664,2.1665362485307695
2026-08-12 10:04:46.726668,110,group_1,2023-04-20 09:50:00-04:00,12,unexplained,flat,0.4116,hold,3,17.245,group_1,completed,True,1,0.6666666666666666,0.2550666666666666,2.847522246388804
2026-08-12 10:05:13.484427,110,group_1,2023-12-01 14:55:00-05:00,13,unexplained,down,0.6042,sell,3,26.273,group_1,completed,True,1,0.6666666666666666,0.06246666666666667,3.2685417958830207
2026-08-12 10:05:28.821295,110,group_1,2024-04-26 11:30:00-04:00,14,unexplained,flat,0.4042,hold,3,14.884,group_1,completed,True,1,0.6666666666666666,0.2624666666666666,2.7002868104843762
2026-08-12 10:05:39.509629,110,group_1,2024-09-26 09:40:00-04:00,15,unexplained,down,0.7008,sell,4,10.24,group_1,completed,True,1,1.0,0.2992,2.3263016196113617
2026-08-12 10:05:56.564060,110,group_1,2025-05-21 14:40:00-04:00,16,unexplained,up,0.3529,hold,3,16.659,group_1,completed,True,0,0.6666666666666666,0.31376666666666664,2.81295061092758
2026-08-12 10:06:11.371265,110,group_1,2025-12-12 11:50:00-05:00,17,unexplained,down,0.4241,hold,3,14.408,group_1,completed,True,0,0.6666666666666666,0.24256666666666665,2.667783607873655
2026-08-12 10:06:27.752823,110,group_1,2025-12-22 11:45:00-05:00,18,unexplained,flat,0.8806,hold,4,15.943,group_1,completed,True,1,1.0,0.11939999999999995,2.769019861425228
2026-08-12 10:06:36.515964,110,group_1,2026-06-24 14:40:00-04:00,19,unexplained,down,0.6079,sell,4,8.283,group_1,completed,True,1,1.0,0.3921,2.114205221616127
2026-08-12 10:35:36.014715,111,group_2,2022-09-27 11:00:00-04:00,0,explained,up,0.9032,hold,3,113.789,group_2,completed,True,0,0.6666666666666666,0.23653333333333337,4.734345856211838
2026-08-12 10:36:06.455182,111,group_2,2022-11-14 12:55:00-05:00,1,explained,down,0.4507,buy,3,29.945,group_2,completed,True,0,0.6666666666666666,0.21596666666666664,3.3993623657164256
2026-08-12 10:36:35.092346,111,group_2,2023-04-20 09:50:00-04:00,2,explained,flat,0.4116,sell,3,28.02,group_2,completed,True,0,0.6666666666666666,0.2550666666666666,3.332918540908861
2026-08-12 10:36:57.182176,111,group_2,2023-12-01 14:55:00-05:00,3,explained,down,0.6042,buy,3,21.65,group_2,completed,True,0,0.6666666666666666,0.06246666666666667,3.075005454448499
2026-08-12 10:37:29.796016,111,group_2,2024-04-26 11:30:00-04:00,4,explained,flat,0.4042,hold,3,32.024,group_2,completed,True,1,0.6666666666666666,0.2624666666666666,3.4664856216902726
2026-08-12 10:37:52.377293,111,group_2,2024-09-26 09:40:00-04:00,5,explained,down,0.7008,sell,3,22.001,group_2,completed,True,1,0.6666666666666666,0.03413333333333335,3.0910879068707438
2026-08-12 10:38:14.642238,111,group_2,2025-05-21 14:40:00-04:00,6,explained,up,0.3529,sell,3,21.668,group_2,completed,True,0,0.6666666666666666,0.31376666666666664,3.0758365177956524
2026-08-12 10:38:40.439231,111,group_2,2025-12-12 11:50:00-05:00,7,explained,down,0.4241,sell,3,25.336,group_2,completed,True,1,0.6666666666666666,0.24256666666666665,3.2322263092363386
2026-08-12 10:39:05.917797,111,group_2,2025-12-22 11:45:00-05:00,8,explained,flat,0.8806,hold,3,24.997,group_2,completed,True,1,0.6666666666666666,0.21393333333333342,3.2187558176676245
2026-08-12 10:39:28.098185,111,group_2,2026-06-24 14:40:00-04:00,9,explained,down,0.6079,sell,3,21.749,group_2,completed,True,1,0.6666666666666666,0.058766666666666634,3.0795677794662235
2026-08-12 10:39:56.971491,111,group_2,2022-09-06 11:45:00-04:00,10,unexplained,up,0.818,buy,3,28.425,group_2,completed,True,1,0.6666666666666666,0.15133333333333332,3.3472690396365996
2026-08-12 10:40:19.190454,111,group_2,2022-11-07 13:25:00-05:00,11,unexplained,up,0.4333,buy,3,21.716,group_2,completed,True,1,0.6666666666666666,0.2333666666666666,3.0780493160432045
2026-08-12 10:40:42.967258,111,group_2,2023-03-20 09:30:00-04:00,12,unexplained,up,0.5718,buy,3,23.343,group_2,completed,True,1,0.6666666666666666,0.09486666666666665,3.150297153302903
2026-08-12 10:41:03.571078,111,group_2,2023-10-20 14:40:00-04:00,13,unexplained,flat,0.3523,sell,3,20.145,group_2,completed,True,0,0.6666666666666666,0.3143666666666666,3.0029561186433105
2026-08-12 10:42:15.876787,111,group_2,2023-12-26 13:45:00-05:00,14,unexplained,flat,0.8882,hold,3,71.864,group_2,completed,True,1,0.6666666666666666,0.22153333333333336,4.274775443926906
2026-08-12 10:42:43.371298,111,group_2,2024-07-08 11:20:00-04:00,15,unexplained,flat,0.8107,hold,3,26.996,group_2,completed,True,1,0.6666666666666666,0.14403333333333335,3.29568870688116
2026-08-12 10:43:02.005078,124,group_2,2022-09-27 11:00:00-04:00,0,explained,up,0.9032,buy,5,36.048,group_2,completed,True,1,1.3333333333333333,0.43013333333333326,3.5848513836898888
2026-08-12 10:43:11.036863,111,group_2,2025-03-28 12:45:00-04:00,16,unexplained,down,0.4593,sell,3,27.205,group_2,completed,True,1,0.6666666666666666,0.20736666666666664,3.3034007799378884
2026-08-12 10:43:36.389287,111,group_2,2025-07-18 10:35:00-04:00,17,unexplained,flat,0.7856,sell,3,24.918,group_2,completed,True,0,0.6666666666666666,0.11893333333333334,3.2155904338766716
2026-08-12 10:43:44.287170,124,group_2,2022-11-14 12:55:00-05:00,1,explained,down,0.4507,sell,4,41.879,group_2,completed,True,1,1.0,0.5493,3.7347845079713173
2026-08-12 10:43:58.721359,111,group_2,2025-12-18 13:05:00-05:00,18,unexplained,up,0.3841,hold,3,21.836,group_2,completed,True,0,0.6666666666666666,0.28256666666666663,3.083559983919511
2026-08-12 10:44:11.233828,124,group_2,2023-04-20 09:50:00-04:00,2,explained,flat,0.4116,hold,3,26.532,group_2,completed,True,1,0.6666666666666666,0.2550666666666666,3.2783515516633095
2026-08-12 10:44:20.125145,111,group_2,2026-02-17 13:05:00-05:00,19,unexplained,up,0.3797,hold,3,20.966,group_2,completed,True,0,0.6666666666666666,0.28696666666666665,3.042902078030381
2026-08-12 10:44:36.687825,124,group_2,2023-12-01 14:55:00-05:00,3,explained,down,0.6042,hold,3,24.993,group_2,completed,True,0,0.6666666666666666,0.06246666666666667,3.218595785660882
2026-08-12 10:44:57.085619,124,group_2,2024-04-26 11:30:00-04:00,4,explained,flat,0.4042,hold,3,19.892,group_2,completed,True,1,0.6666666666666666,0.2624666666666666,2.990317640852492
2026-08-12 10:45:06.830035,124,group_2,2024-09-26 09:40:00-04:00,5,explained,down,0.7008,sell,3,9.165,group_2,completed,True,1,0.6666666666666666,0.03413333333333335,2.2153918812916684
2026-08-12 10:45:21.023954,124,group_2,2025-05-21 14:40:00-04:00,6,explained,up,0.3529,hold,3,13.735,group_2,completed,True,0,0.6666666666666666,0.31376666666666664,2.6199473195472374
2026-08-12 10:45:44.101982,124,group_2,2025-12-12 11:50:00-05:00,7,explained,down,0.4241,sell,3,22.56,group_2,completed,True,1,0.6666666666666666,0.24256666666666665,3.1161784266298582
2026-08-12 10:46:10.013120,124,group_2,2025-12-22 11:45:00-05:00,8,explained,flat,0.8806,hold,3,25.446,group_2,completed,True,1,0.6666666666666666,0.21393333333333342,3.2365585597205087
2026-08-12 10:46:21.730066,124,group_2,2026-06-24 14:40:00-04:00,9,explained,down,0.6079,sell,3,11.287,group_2,completed,True,1,0.6666666666666666,0.058766666666666634,2.4236516209734895
2026-08-12 10:46:49.740722,124,group_2,2022-09-06 11:45:00-04:00,10,unexplained,up,0.818,sell,3,27.586,group_2,completed,True,0,0.6666666666666666,0.15133333333333332,3.317308397653328
2026-08-12 10:47:06.771033,124,group_2,2022-11-07 13:25:00-05:00,11,unexplained,up,0.4333,hold,3,16.577,group_2,completed,True,0,0.6666666666666666,0.2333666666666666,2.808016192442729
2026-08-12 10:47:16.349031,124,group_2,2023-03-20 09:30:00-04:00,12,unexplained,up,0.5718,sell,3,9.152,group_2,completed,True,0,0.6666666666666666,0.09486666666666665,2.213972434637442
2026-08-12 10:47:22.347538,124,group_2,2023-10-20 14:40:00-04:00,13,unexplained,flat,0.3523,sell,3,5.563,group_2,completed,True,0,0.6666666666666666,0.3143666666666666,1.7161375310931561
2026-08-12 10:47:33.354503,124,group_2,2023-12-26 13:45:00-05:00,14,unexplained,flat,0.8882,sell,3,10.584,group_2,completed,True,0,0.6666666666666666,0.22153333333333336,2.3593434268126545
2026-08-12 10:47:42.530067,124,group_2,2024-07-08 11:20:00-04:00,15,unexplained,flat,0.8107,sell,3,8.664,group_2,completed,True,0,0.6666666666666666,0.14403333333333335,2.1591765096986895
2026-08-12 10:47:56.133251,124,group_2,2025-03-28 12:45:00-04:00,16,unexplained,down,0.4593,hold,3,13.106,group_2,completed,True,0,0.6666666666666666,0.20736666666666664,2.5730701406173053
2026-08-12 10:48:06.423797,124,group_2,2025-07-18 10:35:00-04:00,17,unexplained,flat,0.7856,hold,3,9.862,group_2,completed,True,1,0.6666666666666666,0.11893333333333334,2.2886889878019345
2026-08-12 10:48:11.602229,124,group_2,2025-12-18 13:05:00-05:00,18,unexplained,up,0.3841,hold,3,4.708,group_2,completed,True,0,0.6666666666666666,0.28256666666666663,1.5492631893980304
2026-08-12 10:48:18.353428,124,group_2,2026-02-17 13:05:00-05:00,19,unexplained,up,0.3797,hold,3,6.317,group_2,completed,True,0,0.6666666666666666,0.28696666666666665,1.8432444119165634
2026-08-12 10:56:05.401136,84,group_2,2022-09-27 11:00:00-04:00,0,explained,up,0.9032,sell,4,69.841,group_2,completed,True,0,1.0,0.0968,4.246221229870992
2026-08-12 10:56:21.962899,84,group_2,2022-11-14 12:55:00-05:00,1,explained,down,0.4507,buy,5,16.114,group_2,completed,True,0,1.3333333333333333,0.8826333333333333,2.7796884593550044
2026-08-12 10:56:34.314027,84,group_2,2023-04-20 09:50:00-04:00,2,explained,flat,0.4116,hold,3,11.913,group_2,completed,True,1,0.6666666666666666,0.2550666666666666,2.477630240817224
2026-08-12 10:56:48.098849,84,group_2,2023-12-01 14:55:00-05:00,3,explained,down,0.6042,buy,3,13.224,group_2,completed,True,0,0.6666666666666666,0.06246666666666667,2.582033360518723
2026-08-12 11:04:33.826963,84,group_2,2024-04-26 11:30:00-04:00,4,explained,flat,0.4042,hold,3,464.717,group_2,completed,True,1,0.6666666666666666,0.2624666666666666,6.141428618163354
2026-08-12 11:04:43.282448,84,group_2,2024-09-26 09:40:00-04:00,5,explained,down,0.7008,hold,3,8.535,group_2,completed,True,0,0.6666666666666666,0.03413333333333335,2.144175356246404
2026-08-12 11:04:47.066270,84,group_2,2025-05-21 14:40:00-04:00,6,explained,up,0.3529,hold,3,3.335,group_2,completed,True,0,0.6666666666666666,0.31376666666666664,1.204472679367587
2026-08-12 11:04:50.401801,84,group_2,2025-12-12 11:50:00-05:00,7,explained,down,0.4241,hold,3,2.537,group_2,completed,True,0,0.6666666666666666,0.24256666666666665,0.9309822806171448
2026-08-12 11:04:53.027295,84,group_2,2025-12-22 11:45:00-05:00,8,explained,flat,0.8806,hold,3,2.223,group_2,completed,True,1,0.6666666666666666,0.21393333333333342,0.7988576349820594
2026-08-12 11:04:56.735138,84,group_2,2026-06-24 14:40:00-04:00,9,explained,down,0.6079,hold,3,2.713,group_2,completed,True,0,0.6666666666666666,0.058766666666666634,0.9980550336767947
2026-08-12 11:04:59.594695,84,group_2,2022-09-06 11:45:00-04:00,10,unexplained,up,0.818,hold,3,2.493,group_2,completed,True,0,0.6666666666666666,0.15133333333333332,0.9134868045414208
2026-08-12 11:05:03.602752,84,group_2,2022-11-07 13:25:00-05:00,11,unexplained,up,0.4333,hold,3,3.573,group_2,completed,True,0,0.6666666666666666,0.2333666666666666,1.2734055790412728
2026-08-12 11:05:13.425979,84,group_2,2023-03-20 09:30:00-04:00,12,unexplained,up,0.5718,sell,3,9.199,group_2,completed,True,0,0.6666666666666666,0.09486666666666665,2.21909478249502
2026-08-12 11:05:19.963865,84,group_2,2023-10-20 14:40:00-04:00,13,unexplained,flat,0.3523,buy,3,6.102,group_2,completed,True,0,0.6666666666666666,0.3143666666666666,1.8086165862944779
2026-08-12 11:05:25.122809,84,group_2,2023-12-26 13:45:00-05:00,14,unexplained,flat,0.8882,hold,3,4.757,group_2,completed,True,1,0.6666666666666666,0.22153333333333336,1.5596172174501444
2026-08-12 11:05:35.176860,84,group_2,2024-07-08 11:20:00-04:00,15,unexplained,flat,0.8107,hold,3,9.628,group_2,completed,True,1,0.6666666666666666,0.14403333333333335,2.2646755199208255
2026-08-12 11:05:41.292234,84,group_2,2025-03-28 12:45:00-04:00,16,unexplained,down,0.4593,sell,3,5.692,group_2,completed,True,1,0.6666666666666666,0.20736666666666664,1.739061680227606
2026-08-12 11:05:48.712378,84,group_2,2025-07-18 10:35:00-04:00,17,unexplained,flat,0.7856,sell,3,6.997,group_2,completed,True,0,0.6666666666666666,0.11893333333333334,1.9454814857637597
2026-08-12 11:05:57.540972,84,group_2,2025-12-18 13:05:00-05:00,18,unexplained,up,0.3841,buy,3,8.434,group_2,completed,True,1,0.6666666666666666,0.28256666666666663,2.132271155324368
2026-08-12 11:06:04.078610,84,group_2,2026-02-17 13:05:00-05:00,19,unexplained,up,0.3797,hold,3,6.129,group_2,completed,True,0,0.6666666666666666,0.28696666666666665,1.8130316045035946
2026-08-12 11:40:51.508699,123,group_2,2022-09-27 11:00:00-04:00,0,explained,up,0.9032,sell,3,29.023,group_2,completed,True,0,0.6666666666666666,0.23653333333333337,3.368088619094402
2026-08-12 11:41:05.196637,123,group_2,2022-11-14 12:55:00-05:00,1,explained,down,0.4507,sell,3,13.073,group_2,completed,True,1,0.6666666666666666,0.21596666666666664,2.570549034579723
2026-08-12 11:41:12.008496,123,group_2,2023-04-20 09:50:00-04:00,2,explained,flat,0.4116,hold,3,6.401,group_2,completed,True,1,0.6666666666666666,0.2550666666666666,1.8564542281598664
2026-08-12 11:41:15.941407,123,group_2,2023-12-01 14:55:00-05:00,3,explained,down,0.6042,sell,3,3.431,group_2,completed,True,1,0.6666666666666666,0.06246666666666667,1.2328517638763126
2026-08-12 11:41:19.275875,123,group_2,2024-04-26 11:30:00-04:00,4,explained,flat,0.4042,sell,3,2.925,group_2,completed,True,0,0.6666666666666666,0.2624666666666666,1.0732944806838198
2026-08-12 11:41:22.893567,123,group_2,2024-09-26 09:40:00-04:00,5,explained,down,0.7008,buy,3,3.192,group_2,completed,True,0,0.6666666666666666,0.03413333333333335,1.1606476795875624
2026-08-12 11:41:26.061742,123,group_2,2025-05-21 14:40:00-04:00,6,explained,up,0.3529,buy,3,2.325,group_2,completed,True,1,0.6666666666666666,0.31376666666666664,0.8437200390393197
2026-08-12 11:41:29.893329,123,group_2,2025-12-12 11:50:00-05:00,7,explained,down,0.4241,buy,3,3.414,group_2,completed,True,0,0.6666666666666666,0.24256666666666665,1.227884624372249
2026-08-12 11:41:32.744480,123,group_2,2025-12-22 11:45:00-05:00,8,explained,flat,0.8806,hold,3,2.436,group_2,completed,True,1,0.6666666666666666,0.21393333333333342,0.8903573498476506
2026-08-12 11:41:36.208410,123,group_2,2026-06-24 14:40:00-04:00,9,explained,down,0.6079,sell,3,3.037,group_2,completed,True,1,0.6666666666666666,0.058766666666666634,1.1108701860636117
2026-08-12 11:41:42.210788,123,group_2,2022-09-06 11:45:00-04:00,10,unexplained,up,0.818,buy,3,5.551,group_2,completed,True,1,0.6666666666666666,0.15133333333333332,1.7139780917080243
2026-08-12 11:41:48.029057,123,group_2,2022-11-07 13:25:00-05:00,11,unexplained,up,0.4333,buy,3,5.369,group_2,completed,True,1,0.6666666666666666,0.2333666666666666,1.6806416714404324
2026-08-12 11:41:53.431883,123,group_2,2023-03-20 09:30:00-04:00,12,unexplained,up,0.5718,buy,3,4.97,group_2,completed,True,1,0.6666666666666666,0.09486666666666665,1.6034198401085373
2026-08-12 11:41:57.634448,123,group_2,2023-10-20 14:40:00-04:00,13,unexplained,flat,0.3523,hold,3,3.755,group_2,completed,True,1,0.6666666666666666,0.3143666666666666,1.3230882852160981
2026-08-12 11:42:00.710315,123,group_2,2023-12-26 13:45:00-05:00,14,unexplained,flat,0.8882,hold,3,2.645,group_2,completed,True,1,0.6666666666666666,0.22153333333333336,0.9726710653102627
2026-08-12 11:42:03.474015,123,group_2,2024-07-08 11:20:00-04:00,15,unexplained,flat,0.8107,sell,3,2.357,group_2,completed,True,0,0.6666666666666666,0.14403333333333335,0.8573896239539941
2026-08-12 11:42:07.336558,123,group_2,2025-03-28 12:45:00-04:00,16,unexplained,down,0.4593,sell,3,3.407,group_2,completed,True,1,0.6666666666666666,0.20736666666666664,1.2258321386788296
2026-08-12 11:42:10.408660,123,group_2,2025-07-18 10:35:00-04:00,17,unexplained,flat,0.7856,sell,3,2.629,group_2,completed,True,0,0.6666666666666666,0.11893333333333334,0.9666035457477442
2026-08-12 11:42:13.317597,123,group_2,2025-12-18 13:05:00-05:00,18,unexplained,up,0.3841,sell,3,2.468,group_2,completed,True,0,0.6666666666666666,0.28256666666666663,0.9034081060431414
2026-08-12 11:42:15.670844,123,group_2,2026-02-17 13:05:00-05:00,19,unexplained,up,0.3797,hold,3,1.934,group_2,completed,True,0,0.6666666666666666,0.28696666666666665,0.6595903970311026
2026-08-12 12:26:08.553428,109,group_1,2022-09-06 11:45:00-04:00,0,explained,up,0.818,hold,5,11.03,group_1,completed,True,0,1.3333333333333333,0.5153333333333333,2.400618833265411
2026-08-12 12:26:12.727561,109,group_1,2022-11-07 13:25:00-05:00,1,explained,up,0.4333,sell,5,3.933,group_1,completed,True,0,1.3333333333333333,0.9000333333333332,1.3694024934496725
2026-08-12 12:26:18.079165,109,group_1,2023-03-20 09:30:00-04:00,2,explained,up,0.5718,buy,2,5.074,group_1,completed,True,1,0.3333333333333333,0.23846666666666666,1.62412946117709
2026-08-12 12:26:24.116451,109,group_1,2023-10-20 14:40:00-04:00,3,explained,flat,0.3523,hold,4,5.795,group_1,completed,True,1,1.0,0.6476999999999999,1.756995476791715
2026-08-12 12:26:28.438291,109,group_1,2023-12-26 13:45:00-05:00,4,explained,flat,0.8882,hold,3,4.03,group_1,completed,True,1,0.6666666666666666,0.22153333333333336,1.3937663759585917
2026-08-12 12:26:31.795420,109,group_1,2024-07-08 11:20:00-04:00,5,explained,flat,0.8107,buy,3,3.098,group_1,completed,True,0,0.6666666666666666,0.14403333333333335,1.130756741994677
2026-08-12 12:26:34.949907,109,group_1,2025-03-28 12:45:00-04:00,6,explained,down,0.4593,sell,3,2.903,group_1,completed,True,1,0.6666666666666666,0.20736666666666664,1.0657446850424928
2026-08-12 12:26:38.104915,109,group_1,2025-07-18 10:35:00-04:00,7,explained,flat,0.7856,hold,3,2.896,group_1,completed,True,1,0.6666666666666666,0.11893333333333334,1.06333047452347
2026-08-12 12:26:41.080212,109,group_1,2025-12-18 13:05:00-05:00,8,explained,up,0.3841,buy,3,2.735,group_1,completed,True,1,0.6666666666666666,0.28256666666666663,1.0061314358739444
2026-08-12 12:26:44.123172,109,group_1,2026-02-17 13:05:00-05:00,9,explained,up,0.3797,sell,3,2.708,group_1,completed,True,0,0.6666666666666666,0.28696666666666665,0.9962103550500286
2026-08-12 12:26:48.928288,109,group_1,2022-09-27 11:00:00-04:00,10,unexplained,up,0.9032,buy,3,4.531,group_1,completed,True,1,0.6666666666666666,0.23653333333333337,1.5109426656850011
2026-08-12 12:26:52.677842,109,group_1,2022-11-14 12:55:00-05:00,11,unexplained,down,0.4507,sell,3,3.478,group_1,completed,True,1,0.6666666666666666,0.21596666666666664,1.2464574159320914
2026-08-12 12:26:56.070476,109,group_1,2023-04-20 09:50:00-04:00,12,unexplained,flat,0.4116,hold,3,3.148,group_1,completed,True,1,0.6666666666666666,0.2550666666666666,1.146767330555157
2026-08-12 12:27:00.323883,109,group_1,2023-12-01 14:55:00-05:00,13,unexplained,down,0.6042,sell,3,3.922,group_1,completed,True,1,0.6666666666666666,0.06246666666666667,1.3666017277741547
2026-08-12 12:27:04.092320,109,group_1,2024-04-26 11:30:00-04:00,14,unexplained,flat,0.4042,hold,5,3.495,group_1,completed,True,1,1.3333333333333333,0.9291333333333333,1.2513333756857736
2026-08-12 12:27:12.340730,109,group_1,2024-09-26 09:40:00-04:00,15,unexplained,down,0.7008,sell,5,7.96,group_1,completed,True,1,1.3333333333333333,0.6325333333333333,2.0744289998562917
2026-08-12 12:27:18.254800,109,group_1,2025-05-21 14:40:00-04:00,16,unexplained,up,0.3529,buy,3,5.68,group_1,completed,True,1,0.6666666666666666,0.31376666666666664,1.7369512327330598
2026-08-12 12:27:22.527695,109,group_1,2025-12-12 11:50:00-05:00,17,unexplained,down,0.4241,sell,3,4.021,group_1,completed,True,1,0.6666666666666666,0.24256666666666665,1.391530627915137
2026-08-12 12:27:27.234326,109,group_1,2025-12-22 11:45:00-05:00,18,unexplained,flat,0.8806,hold,3,4.402,group_1,completed,True,1,0.6666666666666666,0.21393333333333342,1.4820589831042699
2026-08-12 12:27:33.908030,109,group_1,2026-06-24 14:40:00-04:00,19,unexplained,down,0.6079,buy,3,6.414,group_1,completed,True,0,0.6666666666666666,0.058766666666666634,1.858483101270963
2026-08-12 15:03:05.945082,119,group_2,2022-09-27 11:00:00-04:00,0,explained,up,0.9032,buy,3,33.776,group_2,completed,True,1,0.6666666666666666,0.23653333333333337,3.519750491105965
2026-08-12 15:03:19.860244,119,group_2,2022-11-14 12:55:00-05:00,1,explained,down,0.4507,buy,3,13.598,group_2,completed,True,0,0.6666666666666666,0.21596666666666664,2.609922723104268
2026-08-12 15:03:27.495637,119,group_2,2023-04-20 09:50:00-04:00,2,explained,flat,0.4116,hold,3,7.08,group_2,completed,True,1,0.6666666666666666,0.2550666666666666,1.9572739077056285
2026-08-12 15:04:06.800989,119,group_2,2023-12-01 14:55:00-05:00,3,explained,down,0.6042,buy,3,38.985,group_2,completed,True,0,0.6666666666666666,0.06246666666666667,3.6631769567615633
2026-08-12 15:04:16.689753,119,group_2,2024-04-26 11:30:00-04:00,4,explained,flat,0.4042,hold,3,9.586,group_2,completed,True,1,0.6666666666666666,0.2624666666666666,2.2603037007374396
2026-08-12 15:04:26.798309,119,group_2,2024-09-26 09:40:00-04:00,5,explained,down,0.7008,hold,4,9.834,group_2,completed,True,0,1.0,0.2992,2.2858457689897476
2026-08-12 15:04:35.689418,119,group_2,2025-05-21 14:40:00-04:00,6,explained,up,0.3529,sell,4,8.562,group_2,completed,True,0,1.0,0.6471,2.147333807722754
2026-08-12 15:04:45.430739,119,group_2,2025-12-12 11:50:00-05:00,7,explained,down,0.4241,sell,4,9.422,group_2,completed,True,1,1.0,0.5759000000000001,2.2430473802778494
2026-08-12 15:04:58.189069,119,group_2,2025-12-22 11:45:00-05:00,8,explained,flat,0.8806,hold,4,12.468,group_2,completed,True,1,1.0,0.11939999999999995,2.5231653619050904
2026-08-12 15:05:04.530904,119,group_2,2026-06-24 14:40:00-04:00,9,explained,down,0.6079,sell,4,6.079,group_2,completed,True,1,1.0,0.3921,1.8048402087665854
2026-08-12 15:05:11.625324,119,group_2,2022-09-06 11:45:00-04:00,10,unexplained,up,0.818,buy,4,6.485,group_2,completed,True,1,1.0,0.18200000000000005,1.8694918177684072
2026-08-12 15:05:28.579581,119,group_2,2022-11-07 13:25:00-05:00,11,unexplained,up,0.4333,buy,4,16.664,group_2,completed,True,1,1.0,0.5667,2.813250703958671
2026-08-12 15:05:34.656166,119,group_2,2023-03-20 09:30:00-04:00,12,unexplained,up,0.5718,buy,3,5.639,group_2,completed,True,1,0.6666666666666666,0.09486666666666665,1.7297067448250452
2026-08-12 15:05:40.270391,119,group_2,2023-10-20 14:40:00-04:00,13,unexplained,flat,0.3523,hold,3,5.315,group_2,completed,True,1,0.6666666666666666,0.3143666666666666,1.6705330117939112
2026-08-12 15:05:48.053428,119,group_2,2023-12-26 13:45:00-05:00,14,unexplained,flat,0.8882,buy,3,7.507,group_2,completed,True,0,0.6666666666666666,0.22153333333333336,2.015835918590865
2026-08-12 15:05:52.294420,119,group_2,2024-07-08 11:20:00-04:00,15,unexplained,flat,0.8107,hold,3,3.948,group_2,completed,True,1,0.6666666666666666,0.14403333333333335,1.3732091215712352
2026-08-12 15:05:56.425527,119,group_2,2025-03-28 12:45:00-04:00,16,unexplained,down,0.4593,sell,3,3.838,group_2,completed,True,1,0.6666666666666666,0.20736666666666664,1.344951397585508
2026-08-12 15:06:01.322687,119,group_2,2025-07-18 10:35:00-04:00,17,unexplained,flat,0.7856,sell,3,4.6,group_2,completed,True,0,0.6666666666666666,0.11893333333333334,1.5260563034950492
2026-08-12 15:06:08.448169,119,group_2,2025-12-18 13:05:00-05:00,18,unexplained,up,0.3841,sell,3,4.509,group_2,completed,True,0,0.6666666666666666,0.28256666666666663,1.5060753994389473
2026-08-12 15:06:14.890473,119,group_2,2026-02-17 13:05:00-05:00,19,unexplained,up,0.3797,hold,3,6.124,group_2,completed,True,0,0.6666666666666666,0.28696666666666665,1.8122154777954373
2026-08-12 16:39:30.655786,94,group_2,2022-09-27 11:00:00-04:00,0,explained,up,0.9032,sell,3,40.326,group_2,completed,True,0,0.6666666666666666,0.23653333333333337,3.696996422215884
2026-08-12 16:39:50.723597,94,group_2,2022-11-14 12:55:00-05:00,1,explained,down,0.4507,sell,3,19.738,group_2,completed,True,1,0.6666666666666666,0.21596666666666664,2.9825457117498155
2026-08-12 16:40:09.421303,94,group_2,2023-04-20 09:50:00-04:00,2,explained,flat,0.4116,sell,3,18.357,group_2,completed,True,0,0.6666666666666666,0.2550666666666666,2.910010973148513
2026-08-12 16:40:15.544529,94,group_2,2023-12-01 14:55:00-05:00,3,explained,down,0.6042,buy,3,5.864,group_2,completed,True,0,0.6666666666666666,0.06246666666666667,1.7688319645843504
2026-08-12 16:40:26.993862,94,group_2,2024-04-26 11:30:00-04:00,4,explained,flat,0.4042,buy,3,10.831,group_2,completed,True,0,0.6666666666666666,0.2624666666666666,2.3824123928536
2026-08-12 16:40:32.501844,94,group_2,2024-09-26 09:40:00-04:00,5,explained,down,0.7008,buy,3,5.201,group_2,completed,True,0,0.6666666666666666,0.03413333333333335,1.6488509147909354
2026-08-12 16:40:42.272389,94,group_2,2025-05-21 14:40:00-04:00,6,explained,up,0.3529,buy,3,9.429,group_2,completed,True,1,0.6666666666666666,0.31376666666666664,2.2437900464835403
2026-08-12 16:40:51.881954,94,group_2,2025-12-12 11:50:00-05:00,7,explained,down,0.4241,sell,3,9.312,group_2,completed,True,1,0.6666666666666666,0.24256666666666665,2.231303890989082
2026-08-12 16:41:10.036284,94,group_2,2025-12-22 11:45:00-05:00,8,explained,flat,0.8806,sell,3,17.878,group_2,completed,True,0,0.6666666666666666,0.21393333333333342,2.883570906665661
2026-08-12 16:41:15.136670,94,group_2,2026-06-24 14:40:00-04:00,9,explained,down,0.6079,sell,3,4.846,group_2,completed,True,1,0.6666666666666666,0.058766666666666634,1.578153622394334
2026-08-12 16:41:22.481863,94,group_2,2022-09-06 11:45:00-04:00,10,unexplained,up,0.818,buy,3,7.037,group_2,completed,True,1,0.6666666666666666,0.15133333333333332,1.951181942984412
2026-08-12 16:41:38.076938,94,group_2,2022-11-07 13:25:00-05:00,11,unexplained,up,0.4333,buy,3,15.305,group_2,completed,True,1,0.6666666666666666,0.2333666666666666,2.7281795723973756
2026-08-12 16:41:50.891468,94,group_2,2023-03-20 09:30:00-04:00,12,unexplained,up,0.5718,buy,3,12.531,group_2,completed,True,1,0.6666666666666666,0.09486666666666665,2.528205574183148
2026-08-12 16:41:56.377183,94,group_2,2023-10-20 14:40:00-04:00,13,unexplained,flat,0.3523,sell,3,5.192,group_2,completed,True,0,0.6666666666666666,0.3143666666666666,1.6471189794017889
2026-08-12 16:42:03.629511,94,group_2,2023-12-26 13:45:00-05:00,14,unexplained,flat,0.8882,buy,3,6.955,group_2,completed,True,0,0.6666666666666666,0.22153333333333336,1.9394608253754062
2026-08-12 16:42:12.555217,94,group_2,2024-07-08 11:20:00-04:00,15,unexplained,flat,0.8107,buy,3,8.691,group_2,completed,True,0,0.6666666666666666,0.14403333333333335,2.1622880074553232
2026-08-12 16:42:17.337568,94,group_2,2025-03-28 12:45:00-04:00,16,unexplained,down,0.4593,sell,3,4.49,group_2,completed,True,1,0.6666666666666666,0.20736666666666664,1.501852701754163
2026-08-12 16:42:22.009959,94,group_2,2025-07-18 10:35:00-04:00,17,unexplained,flat,0.7856,sell,3,4.371,group_2,completed,True,0,0.6666666666666666,0.11893333333333334,1.4749918158811777
2026-08-12 16:42:44.105111,94,group_2,2025-12-18 13:05:00-05:00,18,unexplained,up,0.3841,sell,3,21.825,group_2,completed,True,0,0.6666666666666666,0.28256666666666663,3.0830561017256657
2026-08-12 16:42:50.648782,94,group_2,2026-02-17 13:05:00-05:00,19,unexplained,up,0.3797,buy,3,6.273,group_2,completed,True,1,0.6666666666666666,0.28696666666666665,1.8362547091146062
2026-08-12 17:01:10.918515,132,group_2,2022-09-27 11:00:00-04:00,0,explained,up,0.9032,sell,3,26.093,group_2,completed,True,0,0.6666666666666666,0.23653333333333337,3.261667079123085
2026-08-12 17:01:49.373146,132,group_2,2022-11-14 12:55:00-05:00,1,explained,down,0.4507,sell,4,38.151,group_2,completed,True,1,1.0,0.5493,3.6415519697067196
2026-08-12 17:03:05.624781,132,group_2,2023-04-20 09:50:00-04:00,2,explained,flat,0.4116,buy,3,75.916,group_2,completed,True,0,0.6666666666666666,0.2550666666666666,4.329627465874673
2026-08-12 17:03:19.109256,132,group_2,2023-12-01 14:55:00-05:00,3,explained,down,0.6042,buy,4,13.158,group_2,completed,True,0,1.0,0.39580000000000004,2.5770299386638063
2026-08-12 17:03:57.920711,132,group_2,2024-04-26 11:30:00-04:00,4,explained,flat,0.4042,buy,3,38.532,group_2,completed,True,0,0.6666666666666666,0.2624666666666666,3.6514890648953773
2026-08-12 17:04:14.368840,132,group_2,2024-09-26 09:40:00-04:00,5,explained,down,0.7008,buy,3,16.107,group_2,completed,True,0,0.6666666666666666,0.03413333333333335,2.779253960108542
2026-08-12 17:05:03.661075,132,group_2,2025-05-21 14:40:00-04:00,6,explained,up,0.3529,buy,3,48.979,group_2,completed,True,1,0.6666666666666666,0.31376666666666664,3.891391634819073
2026-08-12 17:05:18.063544,132,group_2,2025-12-12 11:50:00-05:00,7,explained,down,0.4241,sell,3,14.112,group_2,completed,True,1,0.6666666666666666,0.24256666666666665,2.6470254992644353
2026-08-12 17:05:29.773857,132,group_2,2025-12-22 11:45:00-05:00,8,explained,flat,0.8806,hold,3,11.429,group_2,completed,True,1,0.6666666666666666,0.21393333333333342,2.4361539849154608
2026-08-12 17:05:45.707688,132,group_2,2026-06-24 14:40:00-04:00,9,explained,down,0.6079,sell,3,15.451,group_2,completed,True,1,0.6666666666666666,0.058766666666666634,2.737673726168281
2026-08-12 17:06:45.371845,132,group_2,2022-09-06 11:45:00-04:00,10,unexplained,up,0.818,buy,3,59.377,group_2,completed,True,1,0.6666666666666666,0.15133333333333332,4.083906945998032
2026-08-12 17:06:59.047661,132,group_2,2022-11-07 13:25:00-05:00,11,unexplained,up,0.4333,sell,3,13.392,group_2,completed,True,0,0.6666666666666666,0.2333666666666666,2.5946575137471193
2026-08-12 17:09:03.500587,132,group_2,2023-03-20 09:30:00-04:00,12,unexplained,up,0.5718,hold,3,124.119,group_2,completed,True,0,0.6666666666666666,0.09486666666666665,4.82124078282842
2026-08-12 17:09:18.162773,132,group_2,2023-10-20 14:40:00-04:00,13,unexplained,flat,0.3523,sell,3,14.365,group_2,completed,True,0,0.6666666666666666,0.3143666666666666,2.664794692431253
2026-08-12 17:09:25.702434,132,group_2,2023-12-26 13:45:00-05:00,14,unexplained,flat,0.8882,buy,3,7.264,group_2,completed,True,0,0.6666666666666666,0.22153333333333336,1.9829306412989922
2026-08-12 17:09:35.973358,132,group_2,2024-07-08 11:20:00-04:00,15,unexplained,flat,0.8107,sell,4,9.979,group_2,completed,True,0,1.0,0.18930000000000002,2.3004828849021752
2026-08-12 17:09:42.336636,132,group_2,2025-03-28 12:45:00-04:00,16,unexplained,down,0.4593,hold,3,6.119,group_2,completed,True,0,0.6666666666666666,0.20736666666666664,1.8113986844804035
2026-08-12 17:09:48.796562,132,group_2,2025-07-18 10:35:00-04:00,17,unexplained,flat,0.7856,sell,3,6.198,group_2,completed,True,0,0.6666666666666666,0.11893333333333334,1.8242266593655565
2026-08-12 17:09:55.951725,132,group_2,2025-12-18 13:05:00-05:00,18,unexplained,up,0.3841,hold,3,6.909,group_2,completed,True,0,0.6666666666666666,0.28256666666666663,1.9328249095066579
2026-08-12 17:10:02.617616,132,group_2,2026-02-17 13:05:00-05:00,19,unexplained,up,0.3797,buy,3,6.389,group_2,completed,True,1,0.6666666666666666,0.28696666666666665,1.8545777616202062
2026-08-12 22:03:07.067000,58,group_1,2022-09-06 11:45:00-04:00,0,explained,up,0.818,sell,5,88.183,group_1,completed,True,0,1.3333333333333333,0.5153333333333333,4.479414200671107
2026-08-12 22:03:20.997417,58,group_1,2022-11-07 13:25:00-05:00,1,explained,up,0.4333,buy,5,13.463,group_1,completed,True,1,1.3333333333333333,0.9000333333333332,2.599945181997098
2026-08-12 22:03:52.592578,58,group_1,2023-03-20 09:30:00-04:00,2,explained,up,0.5718,sell,5,31.113,group_1,completed,True,0,1.3333333333333333,0.7615333333333333,3.437625738275707
2026-08-12 22:04:06.635750,58,group_1,2023-10-20 14:40:00-04:00,3,explained,flat,0.3523,hold,5,13.618,group_1,completed,True,1,1.3333333333333333,0.9810333333333332,2.611392447060775
2026-08-12 22:04:17.293531,58,group_1,2023-12-26 13:45:00-05:00,4,explained,flat,0.8882,buy,5,10.239,group_1,completed,True,0,1.3333333333333333,0.44513333333333327,2.32620395859268
2026-08-12 22:04:59.621369,58,group_1,2024-07-08 11:20:00-04:00,5,explained,flat,0.8107,sell,3,41.687,group_1,completed,True,0,0.6666666666666666,0.14403333333333335,3.730189329600915
2026-08-12 22:05:39.197100,58,group_1,2025-03-28 12:45:00-04:00,6,explained,down,0.4593,sell,2,38.768,group_1,completed,True,1,0.3333333333333333,0.12596666666666667,3.65759516407417
2026-08-12 22:05:56.733492,58,group_1,2025-07-18 10:35:00-04:00,7,explained,flat,0.7856,sell,3,16.991,group_1,completed,True,0,0.6666666666666666,0.11893333333333334,2.8326837921036216
2026-08-12 22:07:43.011872,58,group_1,2025-12-18 13:05:00-05:00,8,explained,up,0.3841,hold,3,105.741,group_1,completed,True,0,0.6666666666666666,0.28256666666666663,4.660992707921655
2026-08-12 22:07:58.403580,58,group_1,2026-02-17 13:05:00-05:00,9,explained,up,0.3797,sell,4,14.892,group_1,completed,True,0,1.0,0.6203000000000001,2.70082415601047
2026-08-12 22:08:12.689359,58,group_1,2022-09-27 11:00:00-04:00,10,unexplained,up,0.9032,buy,3,13.768,group_1,completed,True,1,0.6666666666666666,0.23653333333333337,2.6223470589092384
2026-08-12 22:08:25.731715,58,group_1,2022-11-14 12:55:00-05:00,11,unexplained,down,0.4507,buy,3,12.625,group_1,completed,True,0,0.6666666666666666,0.21596666666666664,2.5356789751614235
2026-08-12 22:08:41.592118,58,group_1,2023-04-20 09:50:00-04:00,12,unexplained,flat,0.4116,buy,5,15.436,group_1,completed,True,0,1.3333333333333333,0.9217333333333333,2.736702443675372
2026-08-12 22:08:52.563792,58,group_1,2023-12-01 14:55:00-05:00,13,unexplained,down,0.6042,buy,3,10.492,group_1,completed,True,0,0.6666666666666666,0.06246666666666667,2.3506130620046273
2026-08-12 22:09:05.075653,58,group_1,2024-04-26 11:30:00-04:00,14,unexplained,flat,0.4042,sell,3,12.058,group_1,completed,True,0,0.6666666666666666,0.2624666666666666,2.489728340067214
2026-08-12 22:09:13.706554,58,group_1,2024-09-26 09:40:00-04:00,15,unexplained,down,0.7008,sell,5,8.192,group_1,completed,True,1,1.3333333333333333,0.6325333333333333,2.103158068297152
2026-08-12 22:09:55.547337,58,group_1,2025-05-21 14:40:00-04:00,16,unexplained,up,0.3529,buy,3,40.858,group_1,completed,True,1,0.6666666666666666,0.31376666666666664,3.7101026405654616
2026-08-12 22:10:18.469806,58,group_1,2025-12-12 11:50:00-05:00,17,unexplained,down,0.4241,sell,5,22.158,group_1,completed,True,1,1.3333333333333333,0.9092333333333333,3.098198605098481
2026-08-12 22:10:32.483965,58,group_1,2025-12-22 11:45:00-05:00,18,unexplained,flat,0.8806,sell,5,13.511,group_1,completed,True,0,1.3333333333333333,0.4527333333333332,2.603504168477822
2026-08-12 22:10:41.193711,58,group_1,2026-06-24 14:40:00-04:00,19,unexplained,down,0.6079,sell,5,8.297,group_1,completed,True,1,1.3333333333333333,0.7254333333333333,2.1158940036821483
2026-08-13 13:47:15.128054,141,group_1,2022-09-06 11:45:00-04:00,0,explained,up,0.818,buy,3,32.294,group_1,completed,True,1,0.6666666666666666,0.15133333333333332,3.474881454459429
2026-08-13 13:47:39.596370,141,group_1,2022-11-07 13:25:00-05:00,1,explained,up,0.4333,sell,3,24.178,group_1,completed,True,0,0.6666666666666666,0.2333666666666666,3.1854431287798004
2026-08-13 13:47:59.125550,141,group_1,2023-03-20 09:30:00-04:00,2,explained,up,0.5718,buy,3,19.222,group_1,completed,True,1,0.6666666666666666,0.09486666666666665,2.9560554564010926
2026-08-13 13:48:06.869165,141,group_1,2023-10-20 14:40:00-04:00,3,explained,flat,0.3523,sell,3,7.339,group_1,completed,True,0,0.6666666666666666,0.3143666666666666,1.9932025935629258
2026-08-13 13:48:16.895789,141,group_1,2023-12-26 13:45:00-05:00,4,explained,flat,0.8882,buy,3,9.678,group_1,completed,True,0,0.6666666666666666,0.22153333333333336,2.269855268371127
2026-08-13 13:48:24.753007,141,group_1,2024-07-08 11:20:00-04:00,5,explained,flat,0.8107,hold,4,7.576,group_1,completed,True,1,1.0,0.18930000000000002,2.024985355883777
2026-08-13 13:48:32.667915,141,group_1,2025-03-28 12:45:00-04:00,6,explained,down,0.4593,sell,3,7.589,group_1,completed,True,1,0.6666666666666666,0.20736666666666664,2.0266998304217756
2026-08-13 13:48:40.202867,141,group_1,2025-07-18 10:35:00-04:00,7,explained,flat,0.7856,sell,5,7.246,group_1,completed,True,0,1.3333333333333333,0.5477333333333333,1.9804495924728855
2026-08-13 13:48:50.023596,141,group_1,2025-12-18 13:05:00-05:00,8,explained,up,0.3841,hold,3,9.527,group_1,completed,True,0,0.6666666666666666,0.28256666666666663,2.254129872724642
2026-08-13 13:49:02.878624,141,group_1,2026-02-17 13:05:00-05:00,9,explained,up,0.3797,hold,4,12.55,group_1,completed,True,0,1.0,0.6203000000000001,2.529720665577793
2026-08-13 13:51:12.678503,141,group_1,2022-09-27 11:00:00-04:00,10,unexplained,up,0.9032,sell,3,129.467,group_1,completed,True,0,0.6666666666666666,0.23653333333333337,4.86342602241104
2026-08-13 13:51:19.979343,141,group_1,2022-11-14 12:55:00-05:00,11,unexplained,down,0.4507,hold,3,7.007,group_1,completed,True,0,0.6666666666666666,0.21596666666666664,1.9469096493883968
2026-08-13 13:51:28.238948,141,group_1,2023-04-20 09:50:00-04:00,12,unexplained,flat,0.4116,sell,3,7.948,group_1,completed,True,0,0.6666666666666666,0.2550666666666666,2.0729203246895707
2026-08-13 13:51:39.840013,141,group_1,2023-12-01 14:55:00-05:00,13,unexplained,down,0.6042,buy,3,11.316,group_1,completed,True,0,0.6666666666666666,0.06246666666666667,2.4262176534393207
2026-08-13 13:51:47.263769,141,group_1,2024-04-26 11:30:00-04:00,14,unexplained,flat,0.4042,hold,4,6.753,group_1,completed,True,1,1.0,0.5958,1.909986850592705
2026-08-13 13:51:59.565606,141,group_1,2024-09-26 09:40:00-04:00,15,unexplained,down,0.7008,buy,4,11.998,group_1,completed,True,0,1.0,0.2992,2.484739969230901
2026-08-13 13:52:07.897655,141,group_1,2025-05-21 14:40:00-04:00,16,unexplained,up,0.3529,sell,3,7.888,group_1,completed,True,0,0.6666666666666666,0.31376666666666664,2.065342617300334
2026-08-13 13:52:12.426571,141,group_1,2025-12-12 11:50:00-05:00,17,unexplained,down,0.4241,sell,3,4.229,group_1,completed,True,1,0.6666666666666666,0.24256666666666665,1.4419655584903515
2026-08-13 13:52:20.354314,141,group_1,2025-12-22 11:45:00-05:00,18,unexplained,flat,0.8806,hold,4,7.648,group_1,completed,True,1,1.0,0.11939999999999995,2.0344441757491003
2026-08-13 13:52:28.976971,141,group_1,2026-06-24 14:40:00-04:00,19,unexplained,down,0.6079,sell,3,7.959,group_1,completed,True,1,0.6666666666666666,0.058766666666666634,2.074303363823712
